Order ID,Order Date,Ship Date,Order Priority,Country Code,Product ID,Sales Channel,Units Sold,Unit Price,Unit Cost
100640618,10/8/2014,10/18/2014,M,NOR,2103,Online,650,205.7,117.11
100983083,8/11/2016,8/11/2016,C,SRB,2103,Offline,1993,205.7,117.11
101025998,7/18/2014,8/11/2014,M,#N/A,7940,Online,4693,668.27,502.54
102230632,5/13/2017,6/13/2017,L,MNE,2455,Online,1171,109.28,35.84
103435266,8/11/2012,9/18/2012,H,SRB,1270,Offline,7648,47.45,31.79
103450715,3/15/2015,4/18/2015,H,SVK,8681,Online,2220,651.21,524.96
103499639,4/20/2013,6/6/2013,L,FRA,4594,Online,6698,9.33,6.92
103762280,11/12/2011,12/14/2011,M,ESP,5988,Online,4419,154.06,90.93
103832662,9/19/2012,10/20/2012,H,HRV,7331,Offline,5247,255.28,159.42
104008615,1/23/2011,2/22/2011,M,DEU,2103,Online,7315,205.7,117.11
104165685,2/19/2012,3/6/2012,L,ARM,7940,Online,3796,668.27,502.54
104190576,2/22/2017,3/12/2017,C,GEO,8875,Offline,1162,421.89,364.69
104245078,3/27/2013,4/21/2013,M,GBR,4594,Offline,7290,9.33,6.92
104548490,1/1/2014,1/5/2014,M,#N/A,7331,Online,7076,255.28,159.42
105030000,6/2/2016,6/13/2016,C,SVN,2455,Offline,9566,109.28,35.84
107651269,10/28/2013,11/11/2013,M,HRV,7940,Online,5258,668.27,502.54
108407437,2/19/2015,3/27/2015,C,ROU,7331,Offline,9025,255.28,159.42
109914195,3/12/2012,4/16/2012,M,POL,2455,Offline,4908,109.28,35.84
111063039,5/26/2012,7/13/2012,L,LUX,7331,Online,4876,255.28,159.42
111246287,6/9/2017,7/2/2017,M,CYP,8875,Offline,9103,421.89,364.69
111496055,4/28/2011,6/4/2011,M,BEL,4594,Online,3015,9.33,6.92
111893022,10/28/2016,12/2/2016,L,SVN,7331,Online,486,255.28,159.42
112330758,12/15/2016,1/11/2017,C,LTU,8681,Offline,22,651.21,524.96
113524663,10/29/2010,12/9/2010,L,RUS,8293,Online,3325,437.2,263.33
114954173,2/3/2010,2/11/2010,C,MLT,4594,Offline,6349,9.33,6.92
115363156,12/4/2015,1/10/2016,H,UKR,8681,Offline,7376,651.21,524.96
117929494,1/24/2015,3/2/2015,H,#N/A,4594,Offline,6813,9.33,6.92
118086564,2/19/2016,3/13/2016,M,NOR,8969,Online,3293,152.58,97.44
118659913,8/2/2014,8/17/2014,C,CZE,2103,Online,2960,205.7,117.11
118859469,6/2/2011,7/1/2011,L,#N/A,8969,Offline,2013,152.58,97.44
119935786,1/14/2015,1/27/2015,L,ROU,3127,Offline,519,81.73,56.67
120419871,5/13/2015,6/26/2015,H,LTU,3127,Online,3771,81.73,56.67
120977771,3/23/2011,5/2/2011,M,ARM,4594,Online,8866,9.33,6.92
121380746,11/21/2016,12/18/2016,C,MLT,4594,Online,8115,9.33,6.92
121945512,4/8/2017,4/12/2017,C,GBR,1270,Online,5242,47.45,31.79
122144210,4/27/2017,5/24/2017,C,MNE,1270,Offline,4041,47.45,31.79
122372519,1/10/2016,1/13/2016,L,PRT,1270,Offline,1603,47.45,31.79
122967326,3/24/2017,4/25/2017,H,BLR,1270,Online,7619,47.45,31.79
123086202,1/2/2014,2/20/2014,M,EST,7331,Offline,2797,255.28,159.42
123544108,5/13/2010,6/22/2010,M,AUT,2103,Online,8302,205.7,117.11
123938930,7/24/2012,8/2/2012,M,BLR,1270,Online,5138,47.45,31.79
125339686,7/11/2017,7/24/2017,L,MKD,8969,Online,9653,152.58,97.44
125349128,5/18/2012,6/6/2012,L,SMR,2103,Offline,2447,205.7,117.11
126948583,5/24/2017,7/9/2017,C,#N/A,7331,Online,5762,255.28,159.42
127694451,12/7/2011,12/27/2011,L,EST,5988,Offline,6481,154.06,90.93
127838218,9/20/2013,10/29/2013,C,NLD,4594,Offline,9024,9.33,6.92
128003442,9/9/2010,10/23/2010,L,CHE,7331,Online,7918,255.28,159.42
128686225,1/25/2011,3/13/2011,M,HUN,7331,Online,9968,255.28,159.42
128766906,2/13/2011,3/28/2011,C,#N/A,7940,Offline,3844,668.27,502.54
129127395,6/16/2013,6/20/2013,L,LVA,8681,Online,520,651.21,524.96
129169023,6/8/2012,7/18/2012,M,#N/A,1270,Offline,2839,47.45,31.79
129875409,4/19/2011,4/26/2011,L,LTU,3127,Offline,1875,81.73,56.67
129902875,3/21/2014,4/24/2014,C,BGR,7940,Online,2,668.27,502.54
130356919,9/18/2013,10/1/2013,H,CHE,5988,Online,4364,154.06,90.93
130754315,10/27/2013,11/2/2013,H,FRA,8681,Online,1962,651.21,524.96
131585586,3/13/2017,4/13/2017,C,FRA,3127,Offline,7954,81.73,56.67
132069671,7/9/2017,7/20/2017,M,AUT,3127,Online,1205,81.73,56.67
132603538,9/20/2012,11/6/2012,M,HUN,8293,Online,9188,437.2,263.33
133276450,1/27/2016,3/15/2016,H,#N/A,3127,Online,8318,81.73,56.67
134121024,2/28/2011,4/8/2011,L,EST,5988,Online,8246,154.06,90.93
134790503,4/2/2012,4/26/2012,M,ITA,2455,Online,6360,109.28,35.84
136624276,2/20/2016,3/8/2016,L,LVA,1270,Offline,9014,47.45,31.79
138025033,7/13/2013,8/3/2013,L,GBR,8969,Online,3529,152.58,97.44
138182103,8/9/2014,8/16/2014,C,NLD,8681,Online,10,651.21,524.96
138820683,7/9/2010,7/9/2010,L,RUS,2455,Offline,8980,109.28,35.84
139201343,8/27/2016,9/6/2016,H,IRL,8293,Offline,1625,437.2,263.33
139949357,7/1/2014,7/14/2014,H,#N/A,5988,Online,2980,154.06,90.93
140461766,7/8/2014,7/20/2014,C,UKR,8293,Online,4613,437.2,263.33
140499961,3/29/2011,4/30/2011,L,LVA,3127,Online,5915,81.73,56.67
141764247,7/15/2013,8/29/2013,H,AND,7331,Offline,46,255.28,159.42
141846215,7/18/2012,8/16/2012,H,GEO,2455,Online,4302,109.28,35.84
141875827,3/13/2011,4/16/2011,C,POL,7940,Online,3065,668.27,502.54
142375361,2/8/2014,2/19/2014,L,LIE,4594,Online,888,9.33,6.92
142987763,8/18/2013,9/1/2013,L,NLD,7940,Offline,2112,668.27,502.54
143414771,5/21/2012,6/3/2012,H,IRL,7940,Offline,8473,668.27,502.54
144282948,7/13/2013,8/1/2013,H,FIN,2103,Online,5386,205.7,117.11
144743001,3/12/2013,4/21/2013,M,SVN,7331,Offline,1525,255.28,159.42
144978606,1/6/2011,2/19/2011,C,IRL,8681,Online,1246,651.21,524.96
146349751,5/1/2017,6/13/2017,M,LTU,5988,Online,6999,154.06,90.93
146545875,11/27/2011,1/7/2012,M,SVK,8293,Offline,5036,437.2,263.33
147826898,9/29/2015,11/5/2015,M,BEL,8293,Online,4119,437.2,263.33
148894631,9/19/2013,9/25/2013,H,POL,8681,Online,85,651.21,524.96
149274003,4/29/2013,5/29/2013,C,NOR,7940,Offline,2350,668.27,502.54
150293242,5/19/2015,6/21/2015,H,#N/A,8681,Offline,3965,651.21,524.96
151312482,6/6/2017,7/12/2017,H,CZE,8293,Online,5581,437.2,263.33
152191388,5/18/2012,6/22/2012,L,ALB,7331,Offline,5669,255.28,159.42
152411115,1/4/2013,2/21/2013,H,SWE,8875,Online,691,421.89,364.69
152505099,5/7/2012,5/19/2012,M,SMR,2455,Offline,8503,109.28,35.84
152746713,5/2/2010,5/8/2010,C,BIH,8681,Offline,2,651.21,524.96
153974950,8/22/2011,9/20/2011,L,SWE,4594,Offline,3464,9.33,6.92
155086886,1/28/2014,2/5/2014,M,SVN,8293,Offline,2511,437.2,263.33
155914723,3/12/2015,3/29/2015,H,IRL,4594,Offline,7486,9.33,6.92
156158483,6/26/2016,8/5/2016,C,LTU,2455,Offline,9620,109.28,35.84
158479773,5/19/2015,6/18/2015,L,RUS,7331,Offline,6542,255.28,159.42
158673751,3/22/2014,5/10/2014,H,DEU,8969,Online,3944,152.58,97.44
159232509,6/8/2014,7/14/2014,H,CHE,4594,Online,9293,9.33,6.92
159805858,11/19/2012,12/17/2012,M,#N/A,8875,Offline,8959,421.89,364.69
160578763,9/27/2015,10/30/2015,L,ROU,8681,Online,7679,651.21,524.96
160751283,10/29/2011,11/13/2011,C,LVA,3127,Offline,8732,81.73,56.67
161399304,3/1/2010,3/15/2010,L,SVK,8293,online,496,437.2,263.33
161607444,8/22/2012,10/3/2012,L,ROU,8875,Offline,2089,421.89,364.69
161812150,11/9/2012,11/12/2012, C,DNK,2455,Online,2666,109.28,35.84
162791907,8/30/2011,10/19/2011,M,RUS,1270,Offline,2598,47.45,31.79
163587558,3/22/2016,4/19/2016,M,MKD,8969,Offline,8048,152.58,97.44
163744628,4/17/2017,5/1/2017,L,FIN,8681,Offline,4529,651.21,524.96
164259612,3/22/2015,4/29/2015,M,BEL,8875,Offline,6924,421.89,364.69
166810500,10/10/2011,11/21/2011,M,BIH,2455,Online,1789,109.28,35.84
168319404,2/20/2012,3/10/2012,H,SVK,8681,Online,8307,651.21,524.96
168487203,8/3/2014,9/21/2014,H,#N/A,8681,Offline,7962,651.21,524.96
168960559,7/14/2013,8/19/2013,H,GEO,7331,Online,8039,255.28,159.42
168979442,10/22/2010,12/10/2010,H,SMR,8875,Online,3627,421.89,364.69
169378983,3/21/2014,4/10/2014,L,CHE,8875,Online,1860,421.89,364.69
169799983,10/22/2012,11/20/2012,H,SVN,4594,Online,6443,9.33,6.92
173122918,6/8/2015,7/25/2015,M,BLR,2455,Offline,9773,109.28,35.84
174218118,4/30/2016,6/13/2016,M,DEU,2103,Offline,3867,205.7,117.11
174614226,6/24/2017,8/13/2017,C,AND,7331,Offline,1085,255.28,159.42
174935233,7/26/2016,7/29/2016,M,FRA,8293,Online,6078,437.2,263.33
175723588,6/9/2014,6/14/2014,L,MCO,7940,Online,9370,668.27,502.54
176050603,9/8/2013,10/28/2013,C,POL,2103,Online,6140,205.7,117.11
176722657,9/8/2012,9/16/2012,H,EST,2455,Online,5016,109.28,35.84
177147090,7/15/2013,8/17/2013,L,MCO,8875,Offline,615,421.89,364.69
178604066,9/20/2015,10/18/2015,C,AUT,7940,Online,1767,668.27,502.54
179819428,5/5/2012,6/2/2012,C,BGR,8293,Online,1420,437.2,263.33
180358016,4/30/2016,5/16/2016,M,MLT,1270,Online,800,47.45,31.79
180479466,1/5/2011,1/12/2011,C,BLR,5988,Online,6740,154.06,90.93
181260526,5/3/2017,6/3/2017,M,UKR,8681,Offline,7872,651.21,524.96
182078921,1/12/2016,2/14/2016,H,FIN,4594,Offline,54,9.33,6.92
182228696,5/31/2010,7/12/2010,L,LVA,8681,Online,4375,651.21,524.96
183778369,12/24/2012,1/7/2013,L,BIH,8969,Online,2958,152.58,97.44
183910119,6/9/2014,6/11/2014,C,UKR,8293,Online,1946,437.2,263.33
184120833,10/27/2014,10/31/2014,H,DNK,2455,Offline,4301,109.28,35.84
184412229,4/4/2015,4/7/2015,C,BIH,7331,Online,531,255.28,159.42
184708344,11/27/2016,12/2/2016,H,BIH,5988,Online,8159,154.06,90.93
184976994,8/21/2015,9/21/2015,C,LIE,7940,Online,7658,668.27,502.54
185947310,1/6/2012,1/27/2012,L,SMR,3127,online,4796,81.73,56.67
185960614,4/20/2011,5/28/2011,M,AUT,4594,Offline,8733,9.33,6.92
186079490,8/25/2015,8/29/2015,L,DNK,5988,Online,3911,154.06,90.93
186597907,11/1/2015,12/15/2015,M,LIE,8681,Online,7322,651.21,524.96
186847674,4/16/2017,4/23/2017,M,ISL,8293,Online,1234,437.2,263.33
187103450,5/4/2011,5/14/2011,M,BEL,4594,Offline,6924,9.33,6.92
188866841,5/16/2014,5/20/2014,L,SVN,2455,Offline,8750,109.28,35.84
189108455,5/11/2012,6/30/2012,H,CZE,8681,Offline,249,651.21,524.96
189667212,7/28/2012,9/3/2012,H,RUS,8969,Offline,5598,152.58,97.44
189924275,2/22/2013,3/21/2013,L,HRV,1270,Offline,1668,47.45,31.79
190002810,6/20/2017,8/5/2017,C,AND,2455,Online,4909,109.28,35.84
192236125,3/11/2017,3/22/2017,H,HRV,1270,Offline,5796,47.45,31.79
192589318,11/1/2012,12/16/2012,M,CZE,4594,Online,314,9.33,6.92
192922341,4/2/2012,5/1/2012,C,AUT,1270,Offline,8863,47.45,31.79
193472945,7/27/2016,9/13/2016,M,BEL,8293,Offline,1799,437.2,263.33
194176757,7/10/2017,8/20/2017,M,RUS,7940,Online,72,668.27,502.54
194785726,10/16/2014,11/13/2014,L,LIE,2103,Offline,280,205.7,117.11
194858253,5/17/2011,5/22/2011,L,LUX,3127,Online,1742,81.73,56.67
194922626,1/23/2012,2/7/2012,H,ARM,7331,Offline,791,255.28,159.42
195171105,7/25/2014,9/4/2014,M,FIN,3127,Online,4322,81.73,56.67
195212733,7/18/2013,8/14/2013,H,EST,2103,Offline,6641,205.7,117.11
195259082,9/26/2013,10/11/2013,L,GRC,7940,Online,356,668.27,502.54
196346127,2/28/2011,4/12/2011,H,ARM,8969,Online,2037,152.58,97.44
198537814,11/26/2011,12/19/2011,C,DNK,8875,Online,606,421.89,364.69
200354850,4/1/2014,5/4/2014,H,MKD,7331,Offline,8307,255.28,159.42
200432097,1/17/2012,1/31/2012,L,PRT,7940,Online,1167,668.27,502.54
200507199,2/9/2014,2/25/2014,C,BGR,8681,Offline,3391,651.21,524.96
201294267,1/9/2013,2/9/2013,L,SMR,8969,Offline,6302,152.58,97.44
202047002,1/29/2012,3/6/2012,H,UKR,8293,Online,9053,437.2,263.33
203036630,6/24/2015,7/28/2015,L,GEO,7331,Online,1905,255.28,159.42
203955876,6/15/2010,7/18/2010,M ,ISL,2103,Online,3931,205.7,117.11
204392325,8/20/2011,9/26/2011,H,HUN,8681,Online,3086,651.21,524.96
204418504,8/7/2015,9/3/2015, C,DEU,5988,Offline,833,154.06,90.93
205354487,2/12/2012,2/20/2012,H,BIH,8293,Offline,7811,437.2,263.33
208238399,8/29/2015,10/15/2015,L,ALB,8293,Offline,1224,437.2,263.33
208365428,11/27/2015,12/29/2015,M,POL,8681,Offline,8815,651.21,524.96
209357202,1/14/2015,1/22/2015,H,SVK,2103,Online,2303,205.7,117.11
209445178,3/18/2014,4/20/2014,M,CHE,8293,Offline,8337,437.2,263.33
209598815,1/9/2013,1/11/2013,L,CYP,2455,Offline,3802,109.28,35.84
209736573,8/24/2014,9/24/2014,C,SRB,8681,Offline,4568,651.21,524.96
211344611,3/1/2010,3/23/2010,L,BGR,8969,Offline,422,152.58,97.44
212106788,8/23/2011,9/26/2011,H,LTU,8681,Online,5967,651.21,524.96
212319648,4/30/2015,5/15/2015,L,MKD,1270,Offline,8957,47.45,31.79
212903726,2/26/2015,2/26/2015,L,AND,8875,Online,1798,421.89,364.69
214033257,11/29/2015,12/3/2015,L,RUS,8969,Offline,6052,152.58,97.44
214292466,3/20/2012,4/13/2012,L,CHE,8969,Online,2758,152.58,97.44
215540015,12/21/2012,12/24/2012,M,ROU,3127,Offline,1935,81.73,56.67
215584218,6/7/2017,6/21/2017,M,BLR,5988,Offline,5016,154.06,90.93
216278588,12/19/2015,12/19/2015,M,LUX,8875,Online,495,421.89,364.69
217165648,5/20/2014,6/8/2014,M,ESP,8875,Offline,,421.89,364.69
217248904,5/5/2012,6/15/2012,C,SVK,8681,online,7633,651.21,524.96
217859160,2/19/2016,3/5/2016,L,EST,1270,Offline,8222,47.45,31.79
217920958,5/6/2011,6/25/2011,H,HUN,7331,Online,6509,255.28,159.42
219451320,6/18/2014,7/2/2014,M,UKR,8875,Offline,9377,421.89,364.69
220607459,10/14/2013,10/17/2013,C,EST,2103,Online,1504,205.7,117.11
221628844,7/28/2011,9/1/2011,M,RUS,2455,Offline,3755,109.28,35.84
222720611,3/16/2010,4/1/2010,L,MLT,7331,Offline,6833,255.28,159.42
223199975,11/21/2016,1/4/2017,L,DNK,1270,Online,8687,47.45,31.79
223869454,5/30/2010,6/27/2010,L,IRL,4594,Online,6801,9.33,6.92
224647080,6/23/2014,7/30/2014,H,SVK,8681,Offline,6918,651.21,524.96
228211200,11/30/2012,12/3/2012,H,SMR,8293,Online,1620,437.2,263.33
229105556,6/14/2010,8/3/2010,L,#N/A,8875,Offline,6280,421.89,364.69
229355323,11/28/2011,12/10/2011,L,LIE,5988,Offline,192,154.06,90.93
229693067,7/15/2012,7/15/2012,L,LIE,8293,Online,138,437.2,263.33
231341445,8/28/2015,10/7/2015,M,BIH,1270,Online,7929,47.45,31.79
231369769,5/9/2015,5/16/2015,M,SVK,2455,Online,6311,109.28,35.84
231450879,1/3/2010,2/22/2010,L,ARM,2455,Online,313,109.28,35.84
231861150,10/17/2014,11/1/2014,L,BLR,8293,Online,1722,437.2,263.33
232196319,7/7/2017,8/4/2017,L,POL,7940,Offline,905,668.27,502.54
233440434,1/5/2016,2/17/2016,M,BEL,8681,Offline,9067,651.21,524.96
233709084,9/28/2014,10/16/2014,M,LVA,2455,Offline,8566,109.28,35.84
233811223,7/20/2017,7/20/2017,C,CHE,8293,Online,8792,437.2,263.33
234082448,3/9/2014,3/9/2014,C,MNE,2455,Online,9053,109.28,35.84
236042392,12/19/2013,1/26/2014,H,DEU,8681,Offline,9044,651.21,524.96
238170993,12/22/2012,2/7/2013,L,NOR,1270,Offline,8944,47.45,31.79
239048612,7/17/2016,7/26/2016,L,SMR,3127,Online,8651,81.73,56.67
239386355,3/4/2017,4/20/2017,L,SMR,8681,Offline,8597,651.21,524.96
239554154,1/18/2012,2/13/2012,L,ISL,8681,Offline,8253,651.21,524.96
241392648,2/22/2017,3/16/2017,H,MKD,7940,Online,2304,668.27,502.54
242168128,5/2/2010,5/3/2010,M,CZE,1270,Online,1785,47.45,31.79
242265546,12/6/2011,1/7/2012,L,LUX,4594,Offline,614,9.33,6.92
243070638,5/5/2011,5/22/2011,M,MLT,8681,Offline,8858,651.21,524.96
243144452,6/14/2014,7/16/2014,H,GEO,2103,Online,701,205.7,117.11
243226420,6/17/2013,7/3/2013,H,#N/A,1270,Offline,4958,47.45,31.79
243340575,8/6/2016,9/4/2016,C,MNE,1270,Offline,8739,47.45,31.79
243391644,6/6/2010,6/27/2010,C,SVN,3127,Online,3851,81.73,56.67
243521249,2/26/2016,3/28/2016,L,CHE,8293,Online,2204,437.2,263.33
243684327,5/23/2017,5/30/2017,H,IRL,7331,Online,462,255.28,159.42
244023358,12/21/2016,1/22/2017,L,BEL,1270,Offline,789,47.45,31.79
245440852,11/28/2015,12/17/2015,L,FRA,8875,Online,257,421.89,364.69
245556294,6/5/2010,6/25/2010,C,AND,3127,Online,4419,81.73,56.67
246603858,3/5/2012,4/15/2012,H,LVA,8293,Offline,4417,437.2,263.33
246922719,7/13/2015,7/29/2015,H,ALB,8681,Online,8775,651.21,524.96
249039304,3/17/2014,5/1/2014,L,RUS,5988,Offline,5119,154.06,90.93
249606645,6/29/2012,8/14/2012,C,LIE,4594,Offline,3008,9.33,6.92
249765861,11/13/2016,11/24/2016,M,GBR,2455,Online,123,109.28,35.84
250848186,1/30/2013,3/7/2013,M,LUX,2455,Online,407,109.28,35.84
251208674,6/2/2015,7/19/2015,M,ARM,8875,Offline,7084,421.89,364.69
251823222,9/3/2010,10/1/2010,L,GBR,2455,Online,8942,109.28,35.84
251907765,3/1/2015,4/7/2015,C,#N/A,8969,Offline,3961,152.58,97.44
252541625,6/9/2017,7/5/2017,C,#N/A,7331,Offline,1534,255.28,159.42
253055322,5/31/2016,6/12/2016,H,ROU,1270,Online,3548,47.45,31.79
253211104,12/16/2010,12/27/2010,C,RUS,8681,Online,9648,651.21,524.96
255047452,10/1/2012,10/30/2012,H,CYP,8969,Online,3064,152.58,97.44
256095016,7/2/2014,8/21/2014,H,MNE,8681,Offline,3061,651.21,524.96
259006392,5/22/2013,6/6/2013,C,HRV,8681,Online,4602,651.21,524.96
259032571,5/9/2017,5/13/2017,L,BEL,5988,Online,2349,154.06,90.93
260630738,11/5/2015,12/19/2015,M,#N/A,8293,Online,5282,437.2,263.33
261187350,10/2/2012,10/3/2012,C,IRL,2455,Online,9996,109.28,35.84
261640536,6/22/2015,8/1/2015,M,BIH,7940,Offline,4104,668.27,502.54
262177836,12/6/2012,1/16/2013,H,ESP,4594,Offline,3103,9.33,6.92
263098371,6/8/2014,7/4/2014,L,MCO,3127,Online,5509,81.73,56.67
263427960,8/6/2011,9/20/2011,H,AUT,4594,Offline,3042,9.33,6.92
263647687,3/23/2012,3/30/2012,M,#N/A,2455,Online,8064,109.28,35.84
263852393,6/10/2012,6/29/2012,L,#N/A,7331,Offline,8641,255.28,159.42
263882005,2/3/2011,2/27/2011,M,SVN,1270,Online,7404,47.45,31.79
263977277,12/15/2016,1/10/2017,H,IRL,8681,Offline,5597,651.21,524.96
264163959,9/5/2016,9/22/2016,C,LIE,1270,Online,840,47.45,31.79
264526593,9/30/2014,10/7/2014,H,ROU,3127,Offline,8152,81.73,56.67
264856183,11/27/2011,12/23/2011,L,CYP,4594,Online,5685,9.33,6.92
264928710,1/24/2016,1/27/2016,L,EST,2455,Offline,7147,109.28,35.84
264959609,9/1/2013,10/18/2013,C,GEO,8969,Online,6291,152.58,97.44
265191352,8/18/2014,9/26/2014,M,SRB,8969,Offline,4869,152.58,97.44
265914475,1/12/2015,2/21/2015,M,MLT,8293,Online,8857,437.2,263.33
266614854,9/23/2013,10/10/2013,M,SRB,7940,Online,6115,668.27,502.54
266638886,5/22/2014,6/19/2014,C,AND,7940,Online,3227,668.27,502.54
268373954,2/25/2010,2/28/2010,H,AUT,8681,Online,6672,651.21,524.96
270358788,12/11/2014,1/24/2015,M,ALB,1270,Offline,4028,47.45,31.79
272361218,6/26/2010,7/3/2010,C,PRT,8969,Offline,6592,152.58,97.44
272425591,3/4/2011,3/21/2011,L,DNK,4594,Online,5641,9.33,6.92
273662412,7/20/2010,7/23/2010,C,BGR,8875,Online,1644,421.89,364.69
273940503,9/14/2011,10/19/2011,L,ROU,2103,Online,3937,205.7,117.11
274694526,4/13/2017,5/11/2017,C,MLT,3127,Offline,7069,81.73,56.67
274989354,5/28/2012,7/10/2012,M,SWE,8969,Online,4316,152.58,97.44
276784074,3/21/2015,4/15/2015,C,DEU,2455,Online,5413,109.28,35.84
276850593,8/21/2011,9/3/2011,L,MLT,7331,Offline,5097,255.28,159.42
278513133,10/25/2010,11/5/2010,H,MKD,4594,Online,7080,9.33,6.92
279338395,1/10/2014,2/24/2014,L,RUS,2103,Online,1293,205.7,117.11
279703605,1/1/2010,1/10/2010,C,HUN,7331,Offline,9367,255.28,159.42
279816472,3/9/2014,4/14/2014,H,PRT,8969,Offline,2767,152.58,97.44
280192410,7/16/2011,8/28/2011,H,FIN,2103,Online,4016,205.7,117.11
280477797,10/23/2011,10/24/2011,L,GRC,2103,Offline,8468,205.7,117.11
281100928,9/16/2012,11/3/2012,H,ITA,8969,Online,2866,152.58,97.44
282917964,1/20/2015,1/27/2015,L,RUS,8681,Offline,567,651.21,524.96
284108436,3/29/2014,4/3/2014,M,MLT,8293,Online,2854,437.2,263.33
284310567,7/20/2016,9/2/2016,M,POL,8293,Offline,2670,437.2,263.33
284403264,12/7/2016,12/27/2016,C,SWE,5988,Offline,101,154.06,90.93
284435451,6/29/2013,6/29/2013,C,MNE,3127,Offline,9625,81.73,56.67
284595954,10/27/2016,10/29/2016,C,SMR,8293,Offline,7122,437.2,263.33
285343968,8/31/2014,9/5/2014,C,SRB,5988,Online,8476,154.06,90.93
287151563,8/2/2014,8/11/2014,M,CHE,3127,Offline,3383,81.73,56.67
287917602,12/3/2012,1/5/2013,L,DEU,3127,Online,71,81.73,56.67
288073384,1/15/2015,2/16/2015,H,GRC,7331,Offline,6171,255.28,159.42
288656175,11/30/2015,12/30/2015,L,BIH,8681,Offline,8632,651.21,524.96
290317428,2/21/2016,4/2/2016,M,ITA,8875,Online,233,421.89,364.69
291160714,4/10/2012,5/26/2012,H,AND,8293,Online,9780,437.2,263.33
291179597,2/13/2017,2/20/2017,H,LIE,7940,Online,5368,668.27,502.54
291305768,1/5/2013,1/6/2013,H,BIH,4594,Online,2705,9.33,6.92
291531503,10/23/2013,10/26/2013,L,SVK,1270,Online,9505,47.45,31.79
291611325,2/1/2017,2/10/2017,M,HUN,8969,Offline,3126,152.58,97.44
291995418,5/2/2010,6/6/2010,L,#N/A,4594,Online,6788,9.33,6.92
292424571,5/24/2012,6/5/2012,C,#N/A,8293,Offline,3784,437.2,263.33
293178594,5/27/2010,6/1/2010,C,SMR,3127,Online,6916,81.73,56.67
295168149,5/28/2016,7/16/2016,L,SVN,4594,Offline,5669,9.33,6.92
295787847,1/18/2015,2/16/2015,H,LIE,7331,Online,9052,255.28,159.42
296073234,4/27/2015,6/4/2015,C,MLT,7331,Offline,3504,255.28,159.42
298228013,9/20/2010,10/25/2010,H,SWE,5988,Online,1151,154.06,90.93
298978602,1/16/2014,1/28/2014,M,FRA,2455,Offline,3267,109.28,35.84
299335229,12/12/2011,12/24/2011,M,ROU,8293,Offline,8801,437.2,263.33
299739491,7/25/2016,9/1/2016,M,#N/A,4594,Offline,8431,9.33,6.92
302015721,3/22/2014,4/17/2014,H,SRB,7331,Online,2018,255.28,159.42
302442729,12/23/2012,1/17/2013,C,MLT,7331,Offline,8379,255.28,159.42
302744853,10/16/2014,11/2/2014,H,HUN,3127,Offline,7785,81.73,56.67
303534495,8/13/2011,8/18/2011,H,ISL,4594,Offline,1457,9.33,6.92
305569112,4/14/2011,6/3/2011,M,ESP,5988,Offline,3545,154.06,90.93
305616748,6/6/2010,7/1/2010,M,MNE,2103,Offline,7642,205.7,117.11
306256616,11/14/2012,11/18/2012,L,ITA,3127,Offline,6993,81.73,56.67
306839406,9/29/2013,10/1/2013,H,DNK,7331,Offline,9454,255.28,159.42
307305467,7/29/2013,8/10/2013,M,#N/A,4594,Online,7371,9.33,6.92
307721745,12/14/2010,1/1/2011,M,ITA,8969,Online,558,152.58,97.44
308582627,12/23/2012,2/9/2013,C,SRB,1270,Offline,5312,47.45,31.79
309148681,4/23/2012,5/5/2012,M,ESP,7940,Offline,2819,668.27,502.54
309188163,7/24/2015,8/12/2015,C,BEL,4594,Online,4503,9.33,6.92
309285581,2/26/2017,4/17/2017,H,IRL,3127,Offline,3331,81.73,56.67
309342658,2/25/2011,3/28/2011,C,ITA,3127,Online,222,81.73,56.67
309655511,5/5/2014,5/21/2014,C,HRV,3127,Offline,,81.73,56.67
310588920,12/14/2012,1/6/2013,H,MLT,8293,Offline,9018,437.2,263.33
311221492,4/11/2016,5/7/2016,L,SWE,4594,Online,6210,9.33,6.92
311688840,1/22/2015,2/14/2015,L,GBR,3127,Offline,4509,81.73,56.67
311921012,8/15/2010,8/26/2010,H,BLR,1270,Online,3214,47.45,31.79
311956632,1/4/2017,1/10/2017,C,EST,8293,Offline,3755,437.2,263.33
313178002,10/19/2013,12/6/2013,C,BGR,1270,Offline,5185,47.45,31.79
313705861,5/29/2016,7/10/2016,L,MNE,4594,Offline,1390,9.33,6.92
313821303,12/5/2010,1/17/2011,H,HUN,8681,Online,5552,651.21,524.96
314782178,6/15/2012,7/12/2012,L,ITA,7331,Offline,9896,255.28,159.42
315066277,10/10/2013,11/28/2013,L,SVK,8969,Offline,3968,152.58,97.44
316466176,5/22/2014,6/2/2014,H,EST,7331,Offline,8229,255.28,159.42
317006051,4/30/2017,6/5/2017,H,GRC,1270,Offline,7990,47.45,31.79
318523538,10/7/2015,11/5/2015,M,EST,2103,Online,7048,205.7,117.11
320431125,3/11/2015,4/17/2015,H,AND,1270,Online,1545,47.45,31.79
321628463,4/27/2011,5/14/2011,L,POL,7940,Online,5864,668.27,502.54
322524106,5/20/2015,5/20/2015,C,CZE,2103,Offline,905,205.7,117.11
323293578,12/24/2015,2/2/2016,H,AUT,2103,Online,8609,205.7,117.11
325314033,1/6/2012,1/30/2012,H,CYP,2455,Online,6506,109.28,35.84
327072703,11/1/2013,11/16/2013,C,SVK,8293,Online,6936,437.2,263.33
327604424,4/21/2013,5/13/2013,L,HUN,1270,Online,4284,47.45,31.79
328322827,6/30/2012,7/19/2012,C,AND,8293,Online,6876,437.2,263.33
328721082,12/14/2016,12/18/2016,L,#N/A,7331,Online,4728,255.28,159.42
329529607,1/18/2011,1/23/2011,L,UKR,8293,Online,3988,437.2,263.33
330590474,1/30/2012,3/14/2012,L,NOR,8681,Online,7923,651.21,524.96
332268464,11/6/2013,12/14/2013,C,POL,2103,Online,4477,205.7,117.11
332353007,10/6/2010,11/22/2010,H,HUN,8293,Online,9495,437.2,263.33
333304440,6/11/2017,7/5/2017,L,CYP,8875,Online,1046,421.89,364.69
334539973,4/18/2010,5/11/2010,M,ITA,2455,Online,6667,109.28,35.84
336111962,5/24/2012,6/16/2012,M,#N/A,3127,Offline,1854,81.73,56.67
336813628,1/16/2010,2/23/2010,C,SWE,8293,Offline,9492,437.2,263.33
337354791,12/9/2011,1/28/2012,L,NOR,8293,Offline,9634,437.2,263.33
339786803,9/17/2011,10/25/2011,H,LUX,8681,Offline,9321,651.21,524.96
339999663,5/26/2015,6/13/2015,L,MLT,8969,Online,2311,152.58,97.44
340213811,6/20/2010,7/26/2010,C,FRA,8681,Online,5682,651.21,524.96
341398274,1/22/2017,3/7/2017,L,GEO,8969,Offline,6191,152.58,97.44
343185698,3/7/2013,4/25/2013,H,EST,8681,Offline,5129,651.21,524.96
343730294,5/1/2017,5/28/2017,L,LVA,8681,Online,6287,651.21,524.96
343889510,2/19/2014,4/2/2014,M,UKR,1270,Online,3403,47.45,31.79
344160735,10/9/2010,11/20/2010,M,NLD,8875,Online,3664,421.89,364.69
346498763,3/18/2011,4/2/2011,L,MCO,5988,Online,5539,154.06,90.93
347609412,9/10/2014,9/17/2014,C,CHE,8293,Offline,4205,437.2,263.33
348080623,5/3/2010,5/19/2010,M,AND,8969,Online,3646,152.58,97.44
349060380,9/16/2016,9/28/2016,H,MKD,7331,Online,3578,255.28,159.42
349212729,7/27/2016,9/11/2016,C,BGR,8875,Online,8662,421.89,364.69
350550401,3/25/2012,4/22/2012,H,SRB,8293,Online,4508,437.2,263.33
350977408,12/26/2010,1/22/2011,C,MKD,8293,Online,869,437.2,263.33
351247346,3/29/2016,5/8/2016,H,MCO,3127,Online,750,81.73,56.67
352342545,2/19/2017,3/27/2017,M,ESP,8969,Offline,4844,152.58,97.44
353191840,6/8/2013,7/9/2013,H,EST,2455,Offline,6169,109.28,35.84
353320157,8/19/2012,8/22/2012,L,MNE,8293,Offline,4141,437.2,263.33
353383243,5/15/2014,6/9/2014,L,#N/A,8681,Online,2809,651.21,524.96
353415429,12/4/2010,12/8/2010,M,CZE,3127,Online,2334,81.73,56.67
353475940,10/2/2014,10/4/2014,H,NLD,3127,Offline,240,81.73,56.67
353492677,4/17/2016,5/23/2016,C,HUN,4594,Offline,5193,9.33,6.92
354270303,10/14/2012,11/27/2012,L,SMR,5988,Offline,5310,154.06,90.93
354655683,7/24/2012,7/31/2012,M,MKD,1270,Offline,9353,47.45,31.79
354667699,11/21/2012,12/29/2012,L,HRV,8681,Offline,2908,651.21,524.96
354931628,5/30/2010,6/8/2010,H,IRL,3127,Offline,1011,81.73,56.67
355534589,1/31/2015,2/6/2015,H,GRC,2455,Online,9440,109.28,35.84
356413495,1/12/2010,1/18/2010,L,BIH,3127,Offline,9528,81.73,56.67
357434880,5/22/2015,6/29/2015,C,MNE,8293,Online,1779,437.2,263.33
357482516,7/14/2014,7/28/2014,C,IRL,1270,Online,5875,47.45,31.79
357930982,1/16/2016,3/5/2016,C,ALB,2455,Offline,8586,109.28,35.84
357943856,2/24/2013,3/17/2013,L,NOR,7331,Offline,2396,255.28,159.42
358594453,12/20/2016,2/2/2017,L,ISL,8969,Offline,4922,152.58,97.44
358624064,8/15/2015,10/3/2015,H,RUS,2455,Offline,3685,109.28,35.84
359197413,1/26/2014,3/8/2014,L,GEO,7331,Online,3352,255.28,159.42
359893071,7/22/2011,8/6/2011,H,ITA,5988,Online,9212,154.06,90.93
361311852,1/6/2017,2/15/2017,L,DEU,7331,Offline,9061,255.28,159.42
361659038,6/30/2012,8/3/2012,L,LUX,2103,Online,1801,205.7,117.11
361725556,6/27/2016,7/18/2016,L,SMR,5988,Offline,1485,154.06,90.93
362258565,11/29/2014,12/14/2014,C,ARM,4594,Offline,9214,9.33,6.92
364715468,2/15/2012,2/19/2012,M,HRV,8293,Offline,6267,437.2,263.33
364854514,9/13/2012,10/3/2012,M,#N/A,7331,Offline,7413,255.28,159.42
367328155,6/16/2011,7/30/2011,L,FRA,7940,Online,9419,668.27,502.54
368865811,9/11/2013,10/16/2013,L,DEU,8681,Online,4445,651.21,524.96
369170081,3/29/2011,4/3/2011,H,SWE,7331,Offline,4486,255.28,159.42
370484149,12/27/2015,1/19/2016,C,#N/A,1270,Online,3348,47.45,31.79
371814954,9/14/2014,10/8/2014,M,RUS,3127,Online,7162,81.73,56.67
374663245,11/9/2011,11/26/2011,C,#N/A,8681,Online,35,651.21,524.96
374848639,8/16/2012,9/6/2012,H,ESP,2455,Online,4897,109.28,35.84
378216636,6/28/2016,8/8/2016,H,LTU,2455,Online,1562,109.28,35.84
378714883,11/16/2012,12/16/2012,M,MNE,8293,Offline,9005,437.2,263.33
378873240,11/25/2012,11/28/2012,H,AND,1270,Online,5866,47.45,31.79
379900634,11/7/2010,12/2/2010,L,DEU,2455,Offline,9895,109.28,35.84
380379998,7/14/2017,7/16/2017,C,ALB,7940,Online,1749,668.27,502.54
380498874,4/24/2014,5/13/2014,H,BGR,2455,Online,6927,109.28,35.84
380610454,12/21/2011,12/29/2011,C,SRB,8875,Offline,9946,421.89,364.69
380684268,1/30/2015,2/23/2015,M,LUX,8293,Offline,1789,437.2,263.33
380733191,3/7/2013,4/13/2013,C,AND,7331,Offline,6267,255.28,159.42
381759297,3/4/2012,3/25/2012,C,MNE,2455,Online,9914,109.28,35.84
381774747,10/6/2014,10/23/2014,C,NOR,4594,Offline,4486,9.33,6.92
382581126,2/16/2013,3/27/2013,M,IRL,3127,Offline,3112,81.73,56.67
383611094,7/22/2016,8/26/2016,H,BLR,2455,Online,7902,109.28,35.84
384128224,3/20/2010,4/26/2010,M,NOR,7940,Offline,933,668.27,502.54
384483993,5/5/2011,6/19/2011,L,AUT,5988,Offline,6212,154.06,90.93
384601581,9/25/2016,10/19/2016,M,LUX,4594,Online,1009,9.33,6.92
384976232,2/18/2015,4/3/2015,L,ISL,8681,Online,1877,651.21,524.96
385080945,11/6/2015,11/7/2015,M,CYP,8293,Offline,2864,437.2,263.33
385340154,2/26/2012,3/18/2012,M,DEU,8293,Offline,9569,437.2,263.33
386009633,3/31/2013,4/5/2013,M,LTU,3127,Offline,7683,81.73,56.67
386319911,12/16/2010,1/2/2011,C,ESP,5988,Online,9501,154.06,90.93
386440074,4/5/2014,4/25/2014,C,POL,3127,Offline,5060,81.73,56.67
386601865,7/17/2016,7/26/2016,L,LTU,5988,Online,2938,154.06,90.93
387098824,12/23/2013,1/4/2014,H,GBR,3127,Offline,9999,81.73,56.67
388728320,3/31/2012,5/10/2012,C,BIH,8969,Offline,2203,152.58,97.44
391026866,1/3/2017,1/8/2017,C,ESP,8293,Offline,2394,437.2,263.33
391200673,1/19/2012,2/13/2012,L,FRA,8681,Online,3827,651.21,524.96
391849982,11/30/2016,12/11/2016,H,GEO,2103,Offline,5972,205.7,117.11
392217338,3/12/2016,3/15/2016,L,NOR,8969,Offline,4681,152.58,97.44
392252957,1/4/2015,2/22/2015,M,ESP,2103,Offline,5222,205.7,117.11
392518174,6/25/2011,7/3/2011,M,SRB,5988,Offline,3705,154.06,90.93
392676532,7/5/2011,8/6/2011,H,CYP,2103,Offline,567,205.7,117.11
392752492,5/8/2010,6/3/2010,H,NLD,3127,Offline,3045,81.73,56.67
393709933,3/12/2017,4/25/2017,C,FRA,4594,Offline,6373,9.33,6.92
393842971,1/12/2010,1/31/2010,L,SRB,2455,Offline,5742,109.28,35.84
393858420,8/14/2012,8/29/2012,L,SVK,4594,Offline,314,9.33,6.92
394110763,12/26/2011,12/29/2011,C,BEL,5988,Offline,4988,154.06,90.93
394356667,7/30/2016,8/4/2016,C,GBR,7940,Online,7756,668.27,502.54
394456660,1/31/2016,2/9/2016,H,MNE,4594,Online,7346,9.33,6.92
395562589,10/12/2010,12/1/2010,C,SRB,1270,Online,4615,47.45,31.79
396462953,1/21/2016,2/26/2016,L,IRL,3127,Offline,1053,81.73,56.67
396552217,3/8/2014,4/24/2014,M,CYP,2455,Offline,7468,109.28,35.84
396718728,2/7/2010,3/18/2010,L,BIH,3127,Offline,6742,81.73,56.67
396832883,3/29/2013,3/31/2013,M,HRV,3127,Offline,523,81.73,56.67
397874438,10/29/2014,12/1/2014,M,SVK,1270,Online,8743,47.45,31.79
398104035,6/25/2012,8/12/2012,L,MLT,7331,Offline,6686,255.28,159.42
398333632,2/19/2010,3/2/2010,C,DEU,2103,Offline,4629,205.7,117.11
398645198,5/17/2014,5/26/2014,H,HUN,7331,Offline,6828,255.28,159.42
399115979,6/1/2015,6/24/2015,H,ESP,5988,Online,6142,154.06,90.93
399256312,12/11/2014,1/5/2015,L,SVN,4594,Online,7670,9.33,6.92
400267398,7/11/2013,7/20/2013,M,AUT,8969,Offline,6873,152.58,97.44
400904691,6/28/2010,7/12/2010,M,LVA,2103,Offline,5462,205.7,117.11
401993882,3/21/2011,4/11/2011,M,UKR,2103,Offline,7778,205.7,117.11
403337991,10/15/2016,11/24/2016,L,AND,5988,Offline,5529,154.06,90.93
403665006,1/16/2016,2/19/2016,C,BLR,8969,Offline,2300,152.58,97.44
404789817,8/3/2015,9/8/2015,L,PRT,7331,Online,5157,255.28,159.42
405986297,12/9/2014,1/2/2015,L,DEU,7331,Online,9222,255.28,159.42
406270396,4/3/2016,5/19/2016,L,ROU,8969,Online,3293,152.58,97.44
406564366,8/7/2014,8/25/2014,M,ALB,5988,Online,286,154.06,90.93
407220542,5/29/2016,7/4/2016,L,SWE,2103,Online,4463,205.7,117.11
408540618,9/30/2013,11/13/2013,M,SMR,5988,Offline,5102,154.06,90.93
409112679,3/30/2013,5/18/2013,H,MNE,5988,Online,4388,154.06,90.93
409514796,7/24/2014,9/7/2014,L,BIH,3127,Online,3383,81.73,56.67
410229337,11/21/2016,12/22/2016,M,PRT,8681,Online,4832,651.21,524.96
410291135,2/6/2012,2/22/2012,L,SVN,3127,Offline,3119,81.73,56.67
410514724,3/1/2017,4/10/2017,C,SRB,8681,Offline,9284,651.21,524.96
410740888,7/24/2012,9/1/2012,H,BIH,8875,Online,6211,421.89,364.69
412215459,1/24/2013,1/31/2013,H,GRC,2103,Online,2569,205.7,117.11
412416303,6/3/2016,6/11/2016,M,SMR,7331,Offline,2004,255.28,159.42
413078916,12/31/2012,1/11/2013,L,BLR,5988,Online,8086,154.06,90.93
413245427,6/29/2016,7/2/2016,C,AND,4594,Offline,7360,9.33,6.92
413951814,5/10/2015,5/31/2015,C,AUT,1270,Offline,6395,47.45,31.79
414359509,8/30/2014,9/11/2014,C,ROU,7331,Offline,7042,255.28,159.42
414579665,6/20/2017,7/10/2017,H,FIN,8969,Online,2191,152.58,97.44
415837943,1/10/2012,2/23/2012,M,AND,7331,Offline,4543,255.28,159.42
416682088,7/5/2012,8/14/2012,H,NOR,5988,Offline,4344,154.06,90.93
416953313,9/20/2016,10/29/2016,H,IRL,1270,Offline,4606,47.45,31.79
418404281,3/2/2011,4/15/2011,M,ARM,8969,Offline,3979,152.58,97.44
420875346,1/6/2012,2/18/2012,L,LTU,8293,Offline,5223,437.2,263.33
421456849,12/7/2013,12/10/2013,M,#N/A,8875,Online,7302,421.89,364.69
421660268,3/14/2015,4/11/2015,C,IRL,7940,Offline,7498,668.27,502.54
422568786,5/15/2016,6/17/2016,H,MLT,8875,Online,6349,421.89,364.69
424181544,2/5/2013,3/4/2013,H,ARM,2103,Online,3600,205.7,117.11
424297845,12/20/2011,1/8/2012,M,SRB,1270,Online,8016,47.45,31.79
424541604,4/5/2013,5/17/2013,H,CHE,8681,Offline,150,651.21,524.96
425547969,8/19/2010,9/11/2010,H,AND,1270,Online,7955,47.45,31.79
427432811,12/3/2015,12/11/2015,H,FIN,8969,Online,5722,152.58,97.44
428419864,11/4/2013,12/5/2013,M,FRA,8681,Offline,7813,651.21,524.96
429123675,10/18/2014,11/11/2014,M,#N/A,8969,Offline,6086,152.58,97.44
430687510,6/5/2013,6/10/2013,C,GBR,3127,Online,8860,81.73,56.67
431240689,8/26/2015,10/13/2015,L,GRC,2103,Online,2558,205.7,117.11
431432092,8/1/2016,9/13/2016,H,MKD,2455,Offline,9198,109.28,35.84
431753098,9/2/2015,10/19/2015,M,SVK,1270,Online,4191,47.45,31.79
432031619,6/5/2011,6/29/2011,H,ARM,1270,Online,6612,47.45,31.79
433079183,3/5/2013,4/19/2013,M,LTU,8681,Offline,6609,651.21,524.96
433734500,8/19/2010,9/8/2010,L,DEU,8681,Offline,532,651.21,524.96
434013879,9/27/2010,11/5/2010,H,MCO,8293,Offline,3206,437.2,263.33
434275662,7/11/2012,8/13/2012,H,BIH,8681,Offline,674,651.21,524.96
434485948,9/25/2010,11/3/2010,L,SMR,3127,Online,2902,81.73,56.67
435463559,10/21/2013,10/27/2013,C,MLT,1270,Online,2199,47.45,31.79
436606395,11/4/2013,12/3/2013,C,#N/A,1270,Offline,389,47.45,31.79
436969029,11/29/2011,12/17/2011,C,ESP,8875,Offline,7701,421.89,364.69
437083184,1/18/2015,2/19/2015,C,SWE,8875,Online,1482,421.89,364.69
437604176,2/21/2013,4/7/2013,L,LUX,8969,Online,5655,152.58,97.44
438683927,6/13/2011,7/29/2011,L,ROU,3127,Online,5177,81.73,56.67
439114367,6/17/2012,6/26/2012,M,GBR,3127,Online,2554,81.73,56.67
439204919,2/11/2017,2/19/2017,L,ISL,1270,Online,9350,47.45,31.79
439640080,10/7/2011,11/2/2011,L,POL,2103,Online,8124,205.7,117.11
439725911,3/17/2015,4/7/2015,L,ARM,4594,Offline,3524,9.33,6.92
442318427,9/27/2010,10/8/2010,H,AND,7331,Online,707,255.28,159.42
443125665,6/15/2013,7/9/2013,M,SRB,2103,Offline,9586,205.7,117.11
443347108,3/20/2015,4/9/2015,M,AND,2103,Offline,5116,205.7,117.11
443544518,4/24/2016,4/28/2016,C,AND,1270,Online,3534,47.45,31.79
443551385,4/3/2013,5/9/2013,L,SWE,7331,Online,5566,255.28,159.42
444234168,8/19/2013,9/27/2013,M,GRC,7331,Online,7617,255.28,159.42
444798934,1/4/2014,1/20/2014,M,PRT,7940,Online,4744,668.27,502.54
444806230,2/16/2013,4/1/2013,H,CZE,2103,Online,6903,205.7,117.11
445273578,11/29/2011,1/9/2012,H,FIN,8681,Offline,5201,651.21,524.96
445708739,2/19/2014,2/27/2014,H,MLT,3127,Online,3975,81.73,56.67
445952498,6/6/2015,7/7/2015,C,NOR,2103,Offline,6109,205.7,117.11
446019017,11/6/2011,11/25/2011,C,UKR,5988,Online,5794,154.06,90.93
446045196,10/24/2015,11/1/2015,L,ESP,4594,Offline,3540,9.33,6.92
447183310,8/22/2014,9/19/2014,C,SMR,8293,Offline,334,437.2,263.33
447536504,4/14/2010,4/25/2010,H,SRB,8875,Offline,4852,421.89,364.69
447684133,7/3/2016,8/14/2016,M,FRA,8969,Offline,8538,152.58,97.44
449206340,2/26/2016,4/3/2016,H,FRA,2103,Offline,8993,205.7,117.11
450041043,3/20/2014,4/16/2014,L,PRT,8293,Offline,6000,437.2,263.33
450550019,12/24/2011,1/2/2012,M,RUS,7331,Offline,6618,255.28,159.42
452471768,1/14/2015,2/10/2015,L,SWE,4594,Offline,5306,9.33,6.92
452559745,3/18/2014,3/19/2014,L,#N/A,5988,Offline,1340,154.06,90.93
454550588,8/6/2011,9/6/2011,C,POL,2103,Online,475,205.7,117.11
455040681,2/1/2012,2/2/2012,L,FRA,5988,Offline,5504,154.06,90.93
456192958,7/19/2014,8/18/2014,L,MKD,3127,Online,6489,81.73,56.67
456527268,12/1/2012,12/2/2012,L,BEL,8681,Offline,5419,651.21,524.96
456934964,3/23/2012,5/5/2012,L,SMR,8875,Offline,6065,421.89,364.69
458816373,4/4/2015,4/16/2015,L,#N/A,8681,Offline,2815,651.21,524.96
459277713,11/15/2013,12/4/2013,M,ESP,8875,Online,9336,421.89,364.69
459372985,3/1/2012,3/22/2012,H,ITA,7331,Offline,7529,255.28,159.42
460693061,1/28/2017,2/25/2017,C,GEO,4594,Offline,8169,9.33,6.92
461445796,2/17/2016,3/22/2016,L,#N/A,3127,Online,920,81.73,56.67
461917865,2/15/2016,3/21/2016,C,MNE,7331,Offline,616,255.28,159.42
462561166,4/2/2013,5/2/2013,H,ESP,8875,Online,983,421.89,364.69
463591134,9/5/2016,10/1/2016,C,LUX,7940,Offline,5773,668.27,502.54
464911210,1/7/2014,2/10/2014,L,ITA,8969,Offline,6413,152.58,97.44
465753209,3/14/2011,3/14/2011,C,DEU,5988,Offline,5579,154.06,90.93
466517961,8/1/2010,9/7/2010,L,BLR,4594,Online,1886,9.33,6.92
466988742,8/16/2011,8/16/2011,M,MLT,3127,Offline,1201,81.73,56.67
467045819,3/11/2013,4/12/2013,M,#N/A,3127,Online,8092,81.73,56.67
467138516,7/30/2013,8/8/2013,H,SMR,2455,Online,5523,109.28,35.84
467312324,3/10/2016,4/8/2016,C,CZE,7331,Online,6956,255.28,159.42
467924726,9/18/2015,10/20/2015,C,HUN,8681,Offline,8179,651.21,524.96
468320834,11/12/2016,12/21/2016,M,AUT,5988,Offline,5397,154.06,90.93
468803632,8/31/2010,10/2/2010,L,BGR,4594,Online,8267,9.33,6.92
469129359,12/18/2010,1/26/2011,M,LUX,8875,Offline,4657,421.89,364.69
469144809,7/20/2013,8/24/2013,M,MLT,2103,Offline,9229,205.7,117.11
469197165,11/27/2013,12/11/2013,C,LVA,1270,Online,4723,47.45,31.79
469840466,1/13/2011,1/22/2011,H,POL,5988,Offline,5090,154.06,90.93
469974792,5/26/2010,6/17/2010,M,SWE,7331,Offline,4840,255.28,159.42
470503079,3/9/2015,3/21/2015,H,ALB,2455,Offline,1172,109.28,35.84
471348512,8/16/2014,10/1/2014,M,GRC,4594,Online,1354,9.33,6.92
471484124,12/9/2012,1/24/2013,M,DNK,7331,Online,1485,255.28,159.42
473845756,11/12/2011,12/16/2011,H,RUS,3127,Offline,344,81.73,56.67
475176560,7/31/2010,9/4/2010,L,MLT,4594,Online,4159,9.33,6.92
475992381,5/14/2011,5/26/2011,H,LUX,2455,Online,5578,109.28,35.84
476453721,7/22/2017,8/10/2017,C,SMR,8969,Offline,2099,152.58,97.44
476633536,10/5/2012,11/3/2012,C,ALB,5988,Online,5310,154.06,90.93
476794040,2/4/2016,3/7/2016,H,BGR,1270,Online,2807,47.45,31.79
476991450,3/11/2017,3/27/2017,L,BGR,8969,Offline,1225,152.58,97.44
477282845,1/20/2010,2/4/2010,H,ARM,2103,Offline,7455,205.7,117.11
477633464,5/14/2015,6/7/2015,H,NOR,8293,Online,1211,437.2,263.33
478051030,9/12/2011,9/29/2011,C,CZE,1270,Offline,4778,47.45,31.79
478840672,2/4/2016,2/9/2016,L,DNK,3127,Online,8451,81.73,56.67
479171121,1/11/2010,1/27/2010,C,PRT,7331,Offline,6238,255.28,159.42
479234206,10/7/2011,11/14/2011,H,LUX,4594,Online,4906,9.33,6.92
480652987,3/23/2017,4/5/2017,L,ITA,7331,Offline,4755,255.28,159.42
480904042,1/23/2010,2/5/2010,C,AND,8969,Offline,9048,152.58,97.44
481114327,11/4/2015,11/24/2015,M,NOR,2103,Online,1276,205.7,117.11
481308305,9/7/2014,10/16/2014,C,FIN,7331,Offline,8678,255.28,159.42
481976497,10/27/2016,12/3/2016,H,ROU,4594,Online,6411,9.33,6.92
483438193,8/23/2012,9/26/2012,H,GEO,8875,Online,8959,421.89,364.69
483655774,7/18/2017,8/5/2017,H,#N/A,2103,Offline,3346,205.7,117.11
483981502,4/9/2010,5/4/2010,H,SVN,8681,Online,9736,651.21,524.96
485165965,11/11/2016,12/14/2016,C,ESP,8969,Online,245,152.58,97.44
485929429,4/17/2017,5/19/2017,C,UKR,3127,Offline,6171,81.73,56.67
486345708,9/3/2014,10/11/2014,H,RUS,8293,Offline,9357,437.2,263.33
486461150,10/5/2016,11/13/2016,M,LVA,5988,Offline,3519,154.06,90.93
488316380,10/31/2015,11/18/2015,L,GRC,4594,Online,2523,9.33,6.92
488815915,3/3/2011,4/17/2011,M,HRV,8969,Offline,347,152.58,97.44
489600837,5/9/2014,6/9/2014,C,AUT,5988,Offline,2622,154.06,90.93
489848029,5/1/2010,5/20/2010,M,#N/A,8969,Offline,5772,152.58,97.44
491547477,11/7/2014,11/7/2014,H,#N/A,5988,Online,8676,154.06,90.93
492353856,3/20/2013,4/11/2013,L,CYP,7940,Online,7302,668.27,502.54
495450627,11/14/2012,12/26/2012,L,BEL,2103,Offline,3705,205.7,117.11
495593106,9/15/2015,10/8/2015,M,SVK,1270,Offline,5868,47.45,31.79
495631301,6/5/2012,7/18/2012,M,HUN,5988,Online,7171,154.06,90.93
496826493,10/28/2012,12/11/2012,L,GEO,4594,Online,855,9.33,6.92
497466361,4/8/2015,5/1/2015,C,BEL,7940,Offline,206,668.27,502.54
497506701,4/18/2015,5/10/2015,H,IRL,7331,Online,2144,255.28,159.42
497554337,6/10/2014,7/28/2014,H,CYP,2455,Online,6240,109.28,35.84
498089492,3/2/2016,3/22/2016,L,CYP,8875,Online,4604,421.89,364.69
498201072,10/29/2013,11/7/2013,H,SVN,8293,Online,7623,437.2,263.33
498946940,12/9/2015,1/11/2016,C,BIH,8875,Offline,8342,421.89,364.69
499101436,7/13/2011,8/28/2011,C,#N/A,8969,Offline,4061,152.58,97.44
504024684,12/14/2015,1/14/2016,H,UKR,2103,Online,959,205.7,117.11
504973971,10/3/2011,11/2/2011,M,AND,8875,Online,1875,421.89,364.69
505867040,5/4/2010,6/12/2010,L,BGR,2455,Offline,6153,109.28,35.84
507040774,7/22/2015,7/25/2015,L,EST,8969,Online,3488,152.58,97.44
507531726,10/27/2012,11/11/2012,H,SWE,8969,Offline,8771,152.58,97.44
508014523,3/11/2014,3/20/2014,H,#N/A,2455,Offline,1642,109.28,35.84
509356057,4/14/2014,4/17/2014,H,NOR,2455,Online,8631,109.28,35.84
509380948,9/22/2011,9/27/2011,M,GBR,3127,Offline,5997,81.73,56.67
510762822,11/4/2011,12/22/2011,L,#N/A,1270,Offline,4924,47.45,31.79
510956799,9/7/2010,9/23/2010,H,LUX,8969,Online,2326,152.58,97.44
511155498,9/26/2010,11/4/2010,H,DNK,1270,Offline,1126,47.45,31.79
511712110,3/21/2015,5/7/2015,C,AUT,8681,Offline,5839,651.21,524.96
512662255,5/15/2015,6/22/2015,L,CZE,7940,Offline,7009,668.27,502.54
512714612,9/23/2015,10/9/2015,H,BEL,8875,Online,2502,421.89,364.69
513026177,5/22/2012,6/5/2012,M,BGR,8681,Online,4701,651.21,524.96
513611114,7/26/2016,9/5/2016,H,NLD,2455,Offline,7797,109.28,35.84
513802516,7/2/2017,8/7/2017,L,ESP,8681,Online,4437,651.21,524.96
515771901,2/19/2012,3/19/2012,L,SMR,5988,Offline,7222,154.06,90.93
515773189,2/1/2011,2/17/2011,H,#N/A,8875,Offline,7603,421.89,364.69
516122949,1/18/2012,2/21/2012,M,AUT,8969,Online,1105,152.58,97.44
516460692,9/3/2012,9/24/2012,M,ARM,7940,Offline,1051,668.27,502.54
516485583,2/11/2010,3/6/2010,M,GEO,8875,Offline,8416,421.89,364.69
516599738,4/2/2013,5/9/2013,M,GRC,8681,Offline,2197,651.21,524.96
516635358,1/25/2012,2/26/2012,H,LTU,7940,Online,2738,668.27,502.54
516994559,6/14/2015,6/20/2015,H,GRC,4594,Offline,9034,9.33,6.92
517097985,3/18/2017,4/14/2017,M,LVA,8969,Online,9640,152.58,97.44
517514264,8/3/2014,9/4/2014,L,GEO,8875,Offline,2826,421.89,364.69
518421494,10/22/2016,10/22/2016,H,SMR,2103,Online,1296,205.7,117.11
519380223,1/12/2015,1/17/2015,M,BEL,8969,Online,5005,152.58,97.44
520390880,6/10/2011,7/24/2011,M,POL,2103,Offline,4080,205.7,117.11
520777547,3/2/2010,4/15/2010,C,BGR,2455,Offline,8504,109.28,35.84
520915305,10/16/2011,11/7/2011,H,RUS,8681,Offline,9270,651.21,524.96
521681344,2/16/2010,4/3/2010,M,CZE,8681,Online,5957,651.21,524.96
521874034,1/6/2010,2/3/2010,M,BLR,8293,Offline,2979,437.2,263.33
522323358,11/16/2015,11/20/2015,H,ROU,2455,Online,5944,109.28,35.84
523580348,6/25/2011,8/4/2011,C,SRB,2455,Online,7915,109.28,35.84
523707807,11/25/2013,12/16/2013,M,BIH,5988,Online,5633,154.06,90.93
523836123,2/6/2013,3/22/2013,C,LTU,2455,Online,3605,109.28,35.84
523899209,11/1/2014,11/16/2014,C,DEU,7331,Offline,2273,255.28,159.42
524844634,10/10/2013,10/13/2013,M,GRC,2103,Offline,2045,205.7,117.11
524972951,12/22/2012,1/17/2013,L,ROU,8875,Offline,17,421.89,364.69
525321424,12/25/2014,12/31/2014,H,MNE,7940,Online,3138,668.27,502.54
525472486,11/21/2015,11/23/2015,M,MKD,7331,Online,7840,255.28,159.42
525749719,9/9/2012,10/22/2012,L,BLR,8969,Online,9880,152.58,97.44
526018369,6/3/2011,6/21/2011,M,#N/A,8293,Online,9379,437.2,263.33
526350104,11/19/2011,12/4/2011,M,MNE,2455,Offline,7547,109.28,35.84
526533353,12/2/2016,1/12/2017,M,GEO,4594,Online,1775,9.33,6.92
527079236,6/14/2012,6/20/2012,M,CZE,5988,Online,3314,154.06,90.93
527259910,1/4/2012,1/11/2012,H,LIE,3127,Online,6779,81.73,56.67
527509677,6/19/2013,7/10/2013,C,ISL,8681,Online,691,651.21,524.96
530262696,4/29/2012,5/11/2012,C,LTU,2455,Offline,5370,109.28,35.84
530702579,10/7/2015,11/9/2015,M,GBR,7331,Offline,5541,255.28,159.42
530882394,12/21/2010,2/2/2011,M,HRV,8875,Online,8753,421.89,364.69
531281936,5/19/2014,6/3/2014,C,FRA,8875,Online,6986,421.89,364.69
533314406,9/29/2010,10/29/2010,C,AND,7940,Online,8439,668.27,502.54
533597218,2/9/2013,2/24/2013,M,PRT,8681,Online,2130,651.21,524.96
534641349,8/7/2012,8/27/2012,L,RUS,1270,Offline,1111,47.45,31.79
534709155,7/19/2015,9/2/2015,H,POL,5988,Online,1176,154.06,90.93
535740411,5/10/2010,6/7/2010,M,AUT,3127,Offline,6348,81.73,56.67
536095750,11/16/2016,12/26/2016,C,SVK,8969,Offline,1500,152.58,97.44
538430345,1/21/2015,3/10/2015,H,HUN,2455,Offline,2359,109.28,35.84
539002406,7/21/2014,7/23/2014,C,DNK,2455,Online,1645,109.28,35.84
540982520,7/24/2010,9/1/2010,L,AUT,8293,Offline,7604,437.2,263.33
543322694,4/21/2014,6/1/2014,M,RUS,1270,Offline,114,47.45,31.79
543396508,5/31/2017,6/5/2017,C,LIE,8875,Online,1957,421.89,364.69
544284856,10/14/2014,10/25/2014,M,LTU,7940,Offline,4839,668.27,502.54
544741475,3/10/2012,3/25/2012,C,NLD,3127,Online,9963,81.73,56.67
545059049,8/4/2016,8/8/2016,H,LIE,2455,Offline,3940,109.28,35.84
546081721,4/30/2013,5/22/2013,H,POL,8875,Online,6571,421.89,364.69
546140086,11/7/2013,12/19/2013,L,ISL,3127,Offline,3843,81.73,56.67
546544349,11/25/2010,12/12/2010,L,MNE,7940,Offline,3473,668.27,502.54
547225844,4/28/2012,5/30/2012,L,IRL,3127,Offline,5143,81.73,56.67
547587192,6/9/2011,7/14/2011,M,#N/A,2103,Online,2073,205.7,117.11
547625386,9/25/2015,9/29/2015,H,LUX,3127,Offline,3376,81.73,56.67
548015487,9/19/2016,10/9/2016,L,IRL,4594,Online,8815,9.33,6.92
548343789,12/4/2014,12/6/2014,L,CYP,8969,Offline,5967,152.58,97.44
548403012,3/23/2012,4/4/2012,C,GBR,7940,Online,3493,668.27,502.54
549048888,10/31/2014,12/2/2014,H,LUX,8681,Online,4622,651.21,524.96
549058330,4/3/2017,5/11/2017,H,RUS,7940,Online,7416,668.27,502.54
549187934,5/30/2015,7/17/2015,H,SVK,8293,Online,5769,437.2,263.33
551118266,7/16/2016,8/15/2016,L,BIH,7331,Online,6997,255.28,159.42
552037513,7/8/2011,8/5/2011,M,CZE,2103,Online,9022,205.7,117.11
552276551,8/6/2011,9/24/2011,L,CZE,8875,Offline,9759,421.89,364.69
552931869,8/16/2016,9/9/2016,H,AND,8875,Offline,3682,421.89,364.69
553107821,12/21/2014,1/13/2015,M,CYP,3127,Online,5751,81.73,56.67
554554927,7/22/2012,8/6/2012,C,SMR,2103,Offline,3981,205.7,117.11
554721438,1/20/2016,1/28/2016,H,PRT,1270,Offline,3256,47.45,31.79
556263816,12/5/2011,12/7/2011,M,ESP,1270,Online,9679,47.45,31.79
556647908,9/30/2012,10/29/2012,C,GBR,5988,Online,3341,154.06,90.93
556947886,4/5/2011,5/17/2011,L,AND,2103,Online,2111,205.7,117.11
559183347,4/14/2014,5/21/2014,L,UKR,2103,Offline,3633,205.7,117.11
559417665,2/25/2013,2/28/2013,M,SRB,5988,Offline,2973,154.06,90.93
560389268,1/22/2016,2/22/2016,M,SMR,5988,Offline,492,154.06,90.93
560762631,7/3/2015,7/16/2015,H,GBR,8681,Online,979,651.21,524.96
561534678,1/2/2014,1/29/2014,L,CYP,3127,Online,9445,81.73,56.67
563939225,11/11/2010,12/19/2010,C,ISL,2455,Offline,1004,109.28,35.84
564173543,4/21/2017,4/26/2017,L,FIN,7331,Offline,343,255.28,159.42
566428315,3/16/2012,3/23/2012,H,FIN,1270,Online,7581,47.45,31.79
567412793,3/21/2012,3/27/2012,M,CHE,4594,Offline,8910,9.33,6.92
567751824,10/21/2011,11/21/2011,C,MLT,8293,Online,9236,437.2,263.33
569170606,4/7/2017,4/13/2017,M,LVA,8969,Offline,9085,152.58,97.44
569864976,10/18/2015,11/30/2015,M,CHE,2103,Offline,4565,205.7,117.11
569941365,10/24/2016,11/26/2016,M,AND,7331,Online,7170,255.28,159.42
570476520,12/20/2010,12/24/2010,L,ALB,7940,Online,5534,668.27,502.54
570703542,9/19/2010,11/3/2010,C,ISL,3127,Offline,2715,81.73,56.67
571161448,8/25/2014,9/30/2014,L,CZE,7940,Online,8220,668.27,502.54
571323239,12/7/2016,1/1/2017,M,ARM,5988,Online,6097,154.06,90.93
572634732,3/14/2016,4/1/2016,H,ROU,2103,Online,4197,205.7,117.11
574247491,12/5/2012,12/17/2012,H,CZE,7940,Offline,1448,668.27,502.54
574925124,6/28/2017,7/13/2017,M,UKR,8293,Offline,1975,437.2,263.33
575479590,2/4/2011,3/22/2011,L,AND,8969,Online,6054,152.58,97.44
575552117,4/3/2015,4/26/2015,C,AUT,8681,Offline,7516,651.21,524.96
575583016,11/8/2012,11/24/2012,C,BIH,8681,Offline,6660,651.21,524.96
575758969,3/15/2011,3/29/2011,H,FRA,3127,Online,8729,81.73,56.67
576944720,9/30/2016,10/9/2016,L,ALB,8293,Offline,9619,437.2,263.33
577530944,4/22/2012,5/15/2012,C,CZE,3127,Online,3095,81.73,56.67
578356206,7/9/2015,7/15/2015,M,ISL,8875,Online,7309,421.89,364.69
578666484,3/24/2013,4/11/2013,H,RUS,4594,Offline,9127,9.33,6.92
579094779,12/8/2010,12/11/2010,M,CYP,5988,Offline,5869,154.06,90.93
579463422,9/28/2016,11/1/2016,L,EST,4594,Online,4958,9.33,6.92
580314862,5/6/2016,5/12/2016,C,ISL,7331,Offline,6918,255.28,159.42
580342328,9/10/2011,10/14/2011,H,ARM,2103,Offline,5046,205.7,117.11
580463349,10/10/2011,11/8/2011,C,UKR,2103,Offline,859,205.7,117.11
580569350,6/10/2011,7/3/2011,M,IRL,1270,Offline,2227,47.45,31.79
580782210,2/16/2015,2/20/2015,C,#N/A,8681,Online,5217,651.21,524.96
581193768,4/18/2011,4/24/2011,M,CYP,8969,Online,7006,152.58,97.44
582560193,5/25/2016,5/28/2016,L,HRV,7940,Online,1362,668.27,502.54
582563626,1/31/2011,2/19/2011,M,#N/A,7940,Online,2378,668.27,502.54
582836139,3/31/2014,4/5/2014,H,AND,8681,Online,3020,651.21,524.96
583089339,5/22/2010,6/26/2010,C,GRC,8293,Online,7948,437.2,263.33
583451974,1/11/2016,2/5/2016,H,#N/A,8969,Offline,5260,152.58,97.44
583654105,10/7/2010,10/19/2010,C,PRT,8969,Online,5075,152.58,97.44
585362994,2/20/2010,4/11/2010,L,SVK,7940,Offline,773,668.27,502.54
585677134,4/13/2012,5/4/2012,H,DNK,8969,Online,3734,152.58,97.44
586812674,3/15/2013,3/31/2013,M,RUS,8681,Offline,9766,651.21,524.96
587598884,5/5/2015,6/13/2015,H,GRC,2103,Online,2422,205.7,117.11
587799727,2/15/2011,3/27/2011,L,SMR,7331,Offline,1856,255.28,159.42
587846076,4/26/2011,5/24/2011,C,SWE,3127,Online,5572,81.73,56.67
588528859,9/11/2011,10/12/2011,L,GRC,3127,Online,7623,81.73,56.67
589842927,6/9/2016,7/28/2016,M,ITA,3127,Offline,6485,81.73,56.67
591287887,9/20/2010,10/2/2010,L,FIN,4594,Offline,4080,9.33,6.92
591774117,5/8/2014,5/30/2014,M,SMR,2103,Online,7967,205.7,117.11
593018233,11/5/2012,12/11/2012,M,CYP,8969,Online,6128,152.58,97.44
593158566,5/17/2012,6/25/2012,C,CYP,2455,Online,7656,109.28,35.84
594699656,11/14/2016,12/30/2016,L,MNE,3127,Offline,3699,81.73,56.67
594813811,6/8/2012,6/17/2012,M,NOR,3127,Offline,7480,81.73,56.67
594991052,4/22/2017,6/6/2017,M,LUX,8969,Offline,9929,152.58,97.44
595385873,12/7/2011,12/21/2011,M,LUX,3127,Offline,6765,81.73,56.67
595395314,5/10/2014,5/30/2014,M,SMR,1270,Offline,9559,47.45,31.79
595496594,10/24/2012,11/4/2012,H,BGR,3127,Offline,9530,81.73,56.67
595922315,8/12/2012,9/4/2012,M,DNK,8875,Offline,5510,421.89,364.69
596166074,11/27/2013,1/13/2014,H,DEU,7331,Offline,7644,255.28,159.42
597105491,9/6/2012,10/20/2012,M,MKD,8969,Offline,5639,152.58,97.44
597839343,6/18/2014,7/26/2014,C,DNK,3127,Offline,2802,81.73,56.67
598404109,11/3/2014,11/18/2014,H,#N/A,4594,Online,9929,9.33,6.92
599624192,9/3/2012,9/21/2012,L,SRB,1270,Online,978,47.45,31.79
599997556,2/13/2012,2/14/2012,H,#N/A,1270,Offline,1465,47.45,31.79
600515115,7/12/2015,8/30/2015,M,CYP,4594,Offline,4622,9.33,6.92
601422345,3/4/2010,3/20/2010,C,NLD,1270,Online,3092,47.45,31.79
601588857,9/1/2013,9/10/2013,H,#N/A,2455,Offline,2366,109.28,35.84
601886260,4/9/2014,5/27/2014,C,FRA,4594,Offline,374,9.33,6.92
601894414,3/2/2010,3/19/2010,M,SVK,8681,Offline,2787,651.21,524.96
602264344,12/4/2014,1/7/2015,H,MLT,8681,Offline,2258,651.21,524.96
602301251,9/11/2012,9/27/2012,M,ITA,2455,Offline,3180,109.28,35.84
602357041,4/24/2015,5/5/2015,L,RUS,3127,Online,9689,81.73,56.67
604124295,3/16/2015,4/2/2015,C,MKD,8875,Online,2659,421.89,364.69
604494225,5/22/2012,6/25/2012,L,GEO,3127,Offline,2129,81.73,56.67
605029380,2/12/2014,2/18/2014,H,FRA,4594,Offline,493,9.33,6.92
606118571,11/6/2014,11/18/2014,H,ROU,5988,Offline,2809,154.06,90.93
606224572,7/8/2014,7/15/2014,M,DNK,8293,Offline,4177,437.2,263.33
607620608,9/12/2010,9/20/2010,H,#N/A,1270,Online,7296,47.45,31.79
607756221,8/3/2016,8/11/2016,H,LVA,7940,Online,7426,668.27,502.54
608374631,4/11/2016,4/12/2016,M,ITA,5988,Offline,428,154.06,90.93
608451879,1/27/2014,3/1/2014,C,#N/A,7331,Online,3287,255.28,159.42
609939754,11/10/2013,11/30/2013,M,BEL,4594,Online,3582,9.33,6.92
609952628,12/20/2010,1/31/2011,M,RUS,8875,Online,7392,421.89,364.69
611766231,1/21/2011,2/26/2011,C,NLD,7331,Offline,4077,255.28,159.42
611791121,1/25/2016,3/3/2016,C,UKR,8969,Offline,1443,152.58,97.44
613166129,9/2/2011,10/21/2011,M,BLR,8293,Offline,8338,437.2,263.33
614054477,8/12/2016,8/16/2016,C,BLR,5988,Online,1220,154.06,90.93
614321839,5/23/2016,7/5/2016,H,SMR,8875,Online,339,421.89,364.69
614597785,3/29/2014,5/14/2014,C,MNE,8293,Offline,1997,437.2,263.33
615080583,8/11/2015,9/19/2015,C,PRT,2103,Online,4868,205.7,117.11
615290009,1/14/2017,1/18/2017,M,DEU,8875,Offline,6842,421.89,364.69
616775310,5/7/2011,5/24/2011,C,#N/A,8681,Offline,6375,651.21,524.96
621577537,9/9/2015,9/16/2015,L,ARM,7940,Offline,7461,668.27,502.54
622441852,5/26/2012,5/28/2012,L,SVN,2455,Online,3231,109.28,35.84
623821580,10/15/2016,10/31/2016,L,BIH,4594,Offline,1523,9.33,6.92
624348151,11/14/2012,12/8/2012,C,UKR,8681,Online,7347,651.21,524.96
624398362,6/30/2017,7/24/2017,C,BLR,8681,Offline,2206,651.21,524.96
624940383,3/2/2016,3/30/2016,H,GBR,8293,Offline,2602,437.2,263.33
625751483,9/29/2015,10/1/2015,H,SMR,3127,Offline,2624,81.73,56.67
626011979,1/2/2011,1/11/2011,L,MCO,2455,Offline,9711,109.28,35.84
626109397,8/7/2012,9/15/2012,C,UKR,2103,Online,8539,205.7,117.11
626322257,4/15/2016,5/5/2016,M,#N/A,3127,Offline,1529,81.73,56.67
626453149,5/24/2013,6/10/2013,C,PRT,8293,Offline,263,437.2,263.33
627003753,2/19/2010,3/26/2010,M,ROU,8875,Offline,3199,421.89,364.69
627432048,6/2/2015,6/23/2015,C,CYP,3127,Online,9941,81.73,56.67
628055179,4/26/2016,5/13/2016,M,EST,8681,Offline,4339,651.21,524.96
628515231,12/25/2015,2/1/2016,L,SVK,5988,Online,479,154.06,90.93
628595054,9/8/2011,10/21/2011,M,HUN,4594,Offline,4100,9.33,6.92
629301440,7/19/2010,7/29/2010,L,IRL,7331,Offline,3135,255.28,159.42
630219399,2/21/2014,3/14/2014,L,SRB,7331,Offline,4780,255.28,159.42
630931794,3/3/2013,4/1/2013,H,MNE,7331,Offline,5593,255.28,159.42
631172120,3/15/2012,4/20/2012,C,GEO,8875,Offline,6711,421.89,364.69
631460940,9/25/2014,10/5/2014,M,SVN,8875,Offline,2180,421.89,364.69
631463515,8/21/2012,9/25/2012,L,CZE,2455,Offline,2942,109.28,35.84
633312737,7/17/2011,8/11/2011,L,FRA,8875,Offline,167,421.89,364.69
633806264,4/15/2014,4/26/2014,M,FRA,2455,Online,6213,109.28,35.84
633992946,1/4/2014,1/6/2014,H,HUN,4594,Offline,1456,9.33,6.92
634033286,1/14/2014,1/15/2014,M,NOR,3127,Offline,3394,81.73,56.67
636278617,2/2/2014,3/22/2014,H,ITA,4594,Online,7837,9.33,6.92
636360585,2/5/2013,3/8/2013,H,PRT,2103,Offline,2093,205.7,117.11
636907756,2/26/2015,4/1/2015,C,GEO,5988,Online,4013,154.06,90.93
637040793,7/26/2015,8/4/2015,L,SVK,8969,Online,3382,152.58,97.44
637188422,3/20/2014,4/29/2014,C,FRA,8293,Online,7069,437.2,263.33
638041150,10/9/2012,11/28/2012,L,BIH,7331,Online,9410,255.28,159.42
638314521,9/17/2012,10/15/2012,H,#N/A,8875,Online,306,421.89,364.69
638593900,10/26/2012,12/12/2012,L,SWE,8293,Online,2981,437.2,263.33
638856971,7/24/2013,8/21/2013,M,BLR,3127,Online,829,81.73,56.67
638937652,8/12/2013,9/6/2013,L,NOR,4594,Offline,4705,9.33,6.92
638957822,5/31/2017,6/24/2017,M,SVK,1270,Online,673,47.45,31.79
639126908,3/30/2011,5/10/2011,C,BIH,2103,Online,710,205.7,117.11
640295922,4/1/2015,4/3/2015,M,BIH,7331,Online,6647,255.28,159.42
640394628,10/19/2015,11/7/2015,H,BIH,8681,Offline,5856,651.21,524.96
640476596,10/21/2014,10/24/2014,H,ISL,4594,Online,112,9.33,6.92
641537463,11/2/2015,12/14/2015,H,BGR,8681,Online,4047,651.21,524.96
642123687,5/25/2011,5/30/2011,M,GRC,1270,Online,7523,47.45,31.79
642953670,10/27/2015,12/9/2015,M,NLD,1270,Offline,3134,47.45,31.79
643027484,5/11/2011,5/18/2011,H,ISL,8875,Online,4977,421.89,364.69
643259227,4/26/2012,4/26/2012,L,CHE,8875,Offline,3555,421.89,364.69
643448483,7/9/2017,7/25/2017,L,GRC,4594,Online,9560,9.33,6.92
643770778,7/24/2015,7/31/2015,L,GEO,3127,Offline,4934,81.73,56.67
644592607,7/6/2016,7/31/2016,H,BLR,8681,Offline,8131,651.21,524.96
645111024,9/12/2016,9/26/2016,C,GRC,8875,Offline,1543,421.89,364.69
645309722,10/1/2016,11/6/2016,C,ARM,8875,Offline,342,421.89,364.69
645701968,6/20/2013,7/21/2013,L,NOR,2103,Offline,6416,205.7,117.11
645956456,2/20/2016,4/8/2016,H,POL,7331,Offline,1725,255.28,159.42
646691596,11/14/2016,12/13/2016,H,AUT,1270,Online,9269,47.45,31.79
646981704,10/13/2010,11/23/2010,M,FIN,7331,Online,5118,255.28,159.42
647943866,4/7/2011,4/18/2011,M,ALB,2455,Online,9843,109.28,35.84
650078475,6/9/2010,6/18/2010,H,HRV,8681,Online,1522,651.21,524.96
650208079,2/29/2016,3/19/2016,H,EST,1270,Online,9875,47.45,31.79
651247489,6/11/2014,7/2/2014,C,BGR,5988,Offline,7459,154.06,90.93
651895511,10/12/2012,11/1/2012,L,LIE,7331,Offline,9223,255.28,159.42
652252137,9/7/2010,9/26/2010,L,GBR,5988,Online,4757,154.06,90.93
652501904,2/21/2012,3/25/2012,M,SVN,2103,Online,8668,205.7,117.11
653087270,12/2/2010,12/7/2010,H,ALB,8969,Online,1891,152.58,97.44
653152501,12/17/2015,12/22/2015,M,MKD,1270,Offline,1194,47.45,31.79
653548610,2/9/2017,2/21/2017,C,EST,1270,Offline,8412,47.45,31.79
653800523,4/19/2014,4/23/2014,H,CHE,3127,Offline,2958,81.73,56.67
653909957,3/23/2016,4/6/2016,M,SVK,8681,Online,5342,651.21,524.96
653920686,1/11/2010,1/18/2010,C,ROU,8969,Online,8517,152.58,97.44
655287110,2/18/2015,2/22/2015,H,PRT,7940,Offline,2873,668.27,502.54
655328738,2/10/2014,3/22/2014,C,POL,2103,Offline,5191,205.7,117.11
656244552,5/28/2014,6/19/2014,C,GRC,4594,Offline,6201,9.33,6.92
656689155,6/24/2011,8/9/2011,C,SWE,7940,Offline,7769,668.27,502.54
659193694,5/31/2015,6/11/2015,M,SRB,8681,Online,8918,651.21,524.96
659196269,4/26/2013,6/1/2013,L,HRV,7940,Online,9680,668.27,502.54
659671771,7/28/2015,7/29/2015,C,RUS,8293,Offline,391,437.2,263.33
660312926,12/18/2016,1/5/2017,C,EST,2455,Offline,123,109.28,35.84
660481584,3/11/2016,4/20/2016,M,UKR,8681,Offline,33,651.21,524.96
662623488,6/26/2014,7/11/2014,C,MLT,8875,Offline,3870,421.89,364.69
663080108,11/21/2011,12/10/2011,H,PRT,8875,Online,8994,421.89,364.69
665786778,7/24/2010,8/15/2010,L,ROU,4594,Offline,9958,9.33,6.92
665817677,9/26/2015,10/10/2015,C,SRB,4594,Online,9102,9.33,6.92
666483724,7/28/2014,8/31/2014,C,MKD,7940,Online,6199,668.27,502.54
666921460,9/14/2014,10/10/2014,H,DNK,2103,Online,5735,205.7,117.11
667054498,2/11/2015,2/12/2015,H,PRT,3127,Online,5104,81.73,56.67
667324435,10/18/2012,10/31/2012,L,SMR,7331,Online,4985,255.28,159.42
667420995,1/16/2010,1/18/2010,C,ARM,3127,Online,3559,81.73,56.67
668280589,2/11/2013,3/28/2013,L,PRT,8875,Online,7932,421.89,364.69
669353473,6/24/2014,7/7/2014,C,BLR,4594,Online,5422,9.33,6.92
669550883,7/30/2015,9/16/2015,H,BLR,8293,Offline,3840,437.2,263.33
670274865,10/4/2012,11/13/2012,C,CHE,5988,Online,8082,154.06,90.93
671616399,11/6/2012,12/10/2012,C,MCO,5988,Offline,5072,154.06,90.93
672330081,10/31/2010,11/29/2010,L,BGR,8681,Online,6266,651.21,524.96
672856652,6/27/2014,8/3/2014,C,#N/A,7940,Online,2091,668.27,502.54
674060428,12/15/2012,12/17/2012,L,BLR,2103,Online,8315,205.7,117.11
677851569,2/22/2011,3/2/2011,M,ITA,7940,Offline,198,668.27,502.54
679039466,6/3/2012,7/5/2012,H,SWE,8293,Offline,1723,437.2,263.33
679108560,4/27/2014,6/11/2014,M,LIE,7940,Online,2169,668.27,502.54
680325210,6/21/2017,7/23/2017,C,FIN,5988,Online,2203,154.06,90.93
681713092,3/8/2010,3/22/2010,H,BLR,1270,Online,2908,47.45,31.79
682066285,5/26/2013,7/13/2013,H,BEL,5988,Online,7426,154.06,90.93
682162415,1/16/2016,2/26/2016,C,ROU,8875,Offline,5873,421.89,364.69
682314765,11/26/2015,12/20/2015,L,DEU,1270,Offline,956,47.45,31.79
684239947,8/24/2013,8/31/2013,L,SWE,8293,Online,661,437.2,263.33
684853637,2/15/2012,4/3/2012,H,PRT,2455,Offline,2265,109.28,35.84
685233008,9/26/2011,10/17/2011,C,POL,7331,Online,4529,255.28,159.42
685596930,4/29/2016,6/16/2016,L,MNE,2455,Online,2222,109.28,35.84
687374913,1/10/2010,2/26/2010,M,GRC,2103,Online,8367,205.7,117.11
688650786,6/23/2010,8/7/2010,H,SWE,7940,Offline,5926,668.27,502.54
688698422,3/12/2017,4/1/2017,H,NLD,5988,Offline,22,154.06,90.93
688903129,5/31/2017,7/2/2017,M,BGR,7940,Online,600,668.27,502.54
689349019,6/10/2013,7/23/2013,H,HUN,8293,Offline,2548,437.2,263.33
689421546,1/10/2010,1/31/2010,H,ITA,2455,Online,4011,109.28,35.84
690220630,11/4/2016,11/19/2016,C,NLD,7940,Online,477,668.27,502.54
691383635,2/10/2013,3/19/2013,M,SVN,5988,Offline,4637,154.06,90.93
691760861,12/27/2016,1/28/2017,C,BLR,2455,Offline,6266,109.28,35.84
692555224,1/9/2015,2/1/2015,M,CZE,8875,Online,1336,421.89,364.69
692704999,12/23/2016,1/24/2017,C,ITA,7940,Online,5657,668.27,502.54
692757356,5/2/2017,5/12/2017,H,DEU,8875,Offline,1151,421.89,364.69
692952191,12/14/2012,1/4/2013,M,GBR,8293,Online,8807,437.2,263.33
693210542,6/25/2012,8/13/2012,L,ARM,8875,Online,5259,421.89,364.69
693583905,12/5/2011,1/6/2012,M,CZE,8875,Offline,5745,421.89,364.69
693831098,6/23/2015,7/14/2015,H,ROU,7331,Offline,8895,255.28,159.42
694771802,3/16/2013,3/21/2013,H,NLD,7331,Offline,7270,255.28,159.42
694914710,8/23/2010,9/25/2010,C,ALB,8293,Offline,9560,437.2,263.33
695059764,5/21/2011,6/29/2011,C,BEL,8293,Offline,2485,437.2,263.33
696197879,3/19/2010,3/26/2010,H,AND,2103,Online,9278,205.7,117.11
696839892,12/17/2015,1/2/2016,C,MKD,8681,Offline,9264,651.21,524.96
696844613,3/3/2017,3/22/2017,M,NOR,8875,Online,661,421.89,364.69
697617518,6/13/2012,7/7/2012,M,#N/A,8875,Offline,9381,421.89,364.69
697638976,3/16/2015,3/26/2015,L,SRB,5988,Offline,5731,154.06,90.93
700069701,1/10/2016,1/21/2016,L,#N/A,5988,Offline,5037,154.06,90.93
700304019,11/23/2014,12/21/2014,M,SVN,3127,Offline,4376,81.73,56.67
701298367,12/8/2011,1/6/2012,M,GRC,3127,Offline,8626,81.73,56.67
702357947,1/5/2014,2/4/2014,L,IRL,3127,Offline,2179,81.73,56.67
702815854,5/16/2010,6/6/2010,L,DNK,7940,Online,7684,668.27,502.54
703966844,11/18/2013,11/30/2013,C,SRB,8969,Offline,8288,152.58,97.44
704139363,7/17/2017,8/31/2017,M,MKD,1270,Offline,9340,47.45,31.79
704233348,11/17/2016,11/26/2016,L,ITA,4594,Offline,7152,9.33,6.92
704361665,1/30/2016,3/1/2016,C,SVK,7940,Online,5124,668.27,502.54
706176555,2/13/2015,2/26/2015,C,ISL,5988,Offline,2190,154.06,90.93
706301438,1/23/2012,2/11/2012,M,GRC,7940,Offline,9146,668.27,502.54
707661855,12/31/2016,1/26/2017,M,LUX,4594,Offline,1723,9.33,6.92
707718932,12/30/2010,1/6/2011,M,MKD,4594,Online,8614,9.33,6.92
708320605,9/18/2016,10/5/2016,L,SMR,4594,Offline,6662,9.33,6.92
709071195,6/18/2012,8/2/2012,C,CYP,7940,Online,8778,668.27,502.54
709105527,4/29/2012,5/1/2012,C,NOR,2455,Online,8938,109.28,35.84
709276759,1/12/2017,3/1/2017,L,ROU,2455,Offline,9610,109.28,35.84
712595832,3/24/2015,3/28/2015,H,UKR,1270,Online,1797,47.45,31.79
713009965,11/15/2016,12/16/2016,H,AND,7940,Online,4348,668.27,502.54
713357150,5/9/2012,6/3/2012,H,DNK,2455,Offline,7088,109.28,35.84
714165675,1/8/2014,2/2/2014,C,POL,1270,Offline,6348,47.45,31.79
715309798,1/6/2013,2/10/2013,M,ITA,2103,Online,4920,205.7,117.11
715863835,1/7/2012,1/26/2012,C,SWE,5988,Online,8872,154.06,90.93
716054379,3/4/2016,3/26/2016,L,AND,4594,Offline,5258,9.33,6.92
716411006,1/27/2014,2/17/2014,L,LVA,3127,Online,792,81.73,56.67
717833220,3/22/2014,4/3/2014,C,SRB,5988,Offline,1657,154.06,90.93
719293630,2/2/2011,2/25/2011,M,NLD,8681,Offline,3824,651.21,524.96
719404351,12/21/2011,1/10/2012,H,FIN,8681,Online,6589,651.21,524.96
719730079,4/8/2012,5/6/2012,H,NLD,2455,Offline,2979,109.28,35.84
720229613,3/7/2015,3/11/2015,C,#N/A,4594,Online,803,9.33,6.92
720878922,6/22/2012,8/1/2012,H,LIE,7331,Online,2948,255.28,159.42
720931279,10/30/2012,11/18/2012,L,ISL,8969,Offline,8441,152.58,97.44
721318805,11/29/2015,12/9/2015,L,CHE,4594,Offline,3118,9.33,6.92
722233331,3/31/2017,4/6/2017,H,ESP,5988,Online,3747,154.06,90.93
722248780,4/6/2012,4/8/2012,H,CHE,8969,Online,8319,152.58,97.44
723893725,2/13/2013,3/11/2013,C,BIH,7940,Online,5095,668.27,502.54
724085128,1/21/2014,2/10/2014,M,GEO,4594,Offline,1735,9.33,6.92
726223170,6/27/2015,7/31/2015,C,CHE,7331,Offline,4429,255.28,159.42
727175891,7/19/2013,9/7/2013,H,ITA,8875,Offline,6360,421.89,364.69
727426946,12/15/2013,2/3/2014,L,AND,5988,Offline,653,154.06,90.93
727821767,2/26/2016,3/16/2016,L,AND,8293,Online,7489,437.2,263.33
727997720,7/2/2014,7/19/2014,C,CYP,5988,Offline,9558,154.06,90.93
728793370,6/27/2011,8/12/2011,L,ALB,8293,Offline,5009,437.2,263.33
729373586,6/15/2014,7/5/2014,C,IRL,8681,Offline,6707,651.21,524.96
730490243,7/12/2010,7/14/2010,H,LIE,8875,Online,7151,421.89,364.69
732703387,1/9/2014,1/28/2014,H,LTU,1270,Online,2069,47.45,31.79
733636796,8/20/2012,9/15/2012,M,UKR,8875,Online,8286,421.89,364.69
733648812,12/18/2012,12/24/2012,M,LUX,2103,Online,1842,205.7,117.11
734189975,11/10/2014,11/29/2014,H,DEU,2103,Online,1984,205.7,117.11
734318292,1/21/2014,3/4/2014,M,PRT,8681,Online,9956,651.21,524.96
735445678,7/5/2011,7/22/2011,H,POL,1270,Offline,3574,47.45,31.79
736240041,2/11/2017,2/20/2017,L,SVN,7940,Offline,8644,668.27,502.54
737095344,7/31/2013,9/13/2013,L,ARM,8969,Offline,1747,152.58,97.44
737736070,10/19/2012,11/3/2012,L,SWE,2103,Offline,1352,205.7,117.11
740300261,3/17/2016,4/23/2016,M,CYP,7331,Online,153,255.28,159.42
741690289,3/23/2012,5/10/2012,C,ROU,8875,Offline,1494,421.89,364.69
741866242,7/28/2010,9/13/2010,H,UKR,7940,Online,3562,668.27,502.54
741964948,2/13/2011,2/26/2011,C,UKR,2103,Offline,2771,205.7,117.11
742100560,1/4/2017,1/17/2017,C,SMR,8969,Offline,2902,152.58,97.44
742569196,9/30/2014,11/17/2014,M,LUX,5988,Online,1581,154.06,90.93
742843854,8/22/2013,9/4/2013,M,POL,1270,Online,2859,47.45,31.79
743619334,5/27/2014,7/9/2014,L,HUN,8293,Offline,2341,437.2,263.33
743769109,5/10/2016,5/11/2016,M,MLT,5988,Online,6662,154.06,90.93
744583642,8/14/2010,9/26/2010,H,ESP,2455,Online,7701,109.28,35.84
744683635,2/13/2010,4/1/2010,L,LUX,5988,Offline,7291,154.06,90.93
745467269,5/8/2014,6/23/2014,M,RUS,2455,Offline,9186,109.28,35.84
746563756,3/14/2014,4/12/2014,C,NOR,8293,Offline,3661,437.2,263.33
747327220,8/18/2014,9/15/2014,H,ROU,8969,Online,9587,152.58,97.44
747774398,3/8/2017,4/3/2017,M,NLD,8875,Offline,1916,421.89,364.69
747826755,7/17/2017,7/22/2017,C,MKD,8681,Offline,7410,651.21,524.96
747955071,9/27/2016,10/25/2016,H,UKR,2455,Offline,5382,109.28,35.84
748357188,6/26/2010,7/20/2010,C,ITA,7331,Offline,4377,255.28,159.42
750047194,7/31/2012,9/18/2012,M,AUT,4594,Online,4487,9.33,6.92
750439441,11/15/2016,12/29/2016,H,NOR,8969,Online,562,152.58,97.44
750959146,1/5/2016,1/25/2016,M,MNE,7331,Online,4354,255.28,159.42
752792918,4/29/2012,5/12/2012,M,NOR,4594,Offline,7008,9.33,6.92
753166282,10/9/2011,11/25/2011,H,ESP,4594,Online,7495,9.33,6.92
754227149,10/20/2012,11/24/2012,H,MCO,8681,Online,1429,651.21,524.96
754541289,12/12/2014,12/19/2014,L,AND,3127,Offline,4390,81.73,56.67
755318915,6/10/2011,6/25/2011,H,ITA,2455,Online,4507,109.28,35.84
755605590,8/31/2010,9/11/2010,M,CZE,8969,Online,9340,152.58,97.44
756252324,1/18/2010,2/9/2010,L,SVN,4594,Online,723,9.33,6.92
756395232,1/22/2015,3/13/2015,H,CZE,8875,Online,3013,421.89,364.69
757468974,3/14/2013,3/23/2013,H,MCO,1270,Online,757,47.45,31.79
759086453,2/21/2011,2/27/2011,L,CZE,7940,Online,9405,668.27,502.54
759594142,7/10/2017,7/12/2017,C,MKD,5988,Offline,9641,154.06,90.93
760280358,8/1/2012,8/21/2012,M,#N/A,8681,Offline,2708,651.21,524.96
760346877,7/29/2016,8/6/2016,M,POL,7940,Online,2392,668.27,502.54
760619390,3/2/2012,4/16/2012,C,BIH,5988,Online,3035,154.06,90.93
761724030,6/26/2015,8/13/2015,H,#N/A,1270,Online,9923,47.45,31.79
761887109,9/20/2016,10/14/2016,M,BEL,2455,Offline,8181,109.28,35.84
762117564,2/26/2011,3/28/2011,M,UKR,3127,Online,6378,81.73,56.67
762655293,10/16/2010,11/11/2010,H,FRA,3127,Online,5504,81.73,56.67
764483058,7/6/2014,8/5/2014,C,LTU,8875,Offline,6380,421.89,364.69
764592492,6/9/2016,7/19/2016,M,ITA,8681,Offline,8764,651.21,524.96
764811360,9/19/2012,9/30/2012,C,FRA,2103,Online,3532,205.7,117.11
764837539,9/6/2016,9/6/2016,L,DNK,7331,Online,1279,255.28,159.42
765101468,3/14/2014,4/6/2014,H,LVA,8293,Online,9382,437.2,263.33
765552079,6/10/2011,7/17/2011,M,SVK,8969,Offline,2727,152.58,97.44
765734040,7/10/2017,8/4/2017,L,SMR,4594,Online,6574,9.33,6.92
765858924,6/19/2014,7/21/2014,H,ROU,7940,Offline,3530,668.27,502.54
766118133,10/9/2010,10/10/2010,C,SWE,7940,Offline,235,668.27,502.54
767490565,1/16/2016,2/23/2016,H,NLD,2455,Online,6368,109.28,35.84
768230426,5/31/2010,6/22/2010,C,BGR,8969,Online,5310,152.58,97.44
768676316,1/6/2014,2/8/2014,L,HUN,5988,Offline,7259,154.06,90.93
770821654,7/26/2014,8/19/2014,C,#N/A,8681,Offline,2112,651.21,524.96
771674382,2/14/2013,3/21/2013,L,FIN,5988,Offline,4453,154.06,90.93
772643411,7/19/2010,8/25/2010,L,SWE,2103,Online,1210,205.7,117.11
772893178,1/2/2012,1/2/2012,L,SMR,1270,Offline,5122,47.45,31.79
773645913,1/22/2011,1/28/2011,H,UKR,8293,Online,7873,437.2,263.33
774698626,3/12/2016,4/7/2016,L,BGR,4594,Online,9394,9.33,6.92
774926936,11/24/2014,11/27/2014,M,CZE,4594,Offline,6956,9.33,6.92
775008904,11/26/2013,1/2/2014,M,LIE,7331,Online,1212,255.28,159.42
775347936,6/27/2013,7/8/2013,C,HRV,7331,Offline,1539,255.28,159.42
775849616,2/17/2012,3/5/2012,C,PRT,8681,Offline,9997,651.21,524.96
777018630,2/19/2016,3/19/2016,L,POL,5988,Online,5935,154.06,90.93
780590045,9/10/2013,10/3/2013,H,BGR,8875,Offline,2796,421.89,364.69
780899035,6/13/2012,7/30/2012,H,SVK,8293,Offline,4233,437.2,263.33
781083571,6/9/2016,6/18/2016,C,HRV,2455,Online,8841,109.28,35.84
781416594,11/9/2015,12/23/2015,M,ARM,8875,Offline,7390,421.89,364.69
783116900,2/26/2017,3/14/2017,L,GBR,2455,Online,548,109.28,35.84
783594977,4/25/2017,5/1/2017,H,UKR,8875,Offline,2022,421.89,364.69
783913838,2/5/2013,3/9/2013,H,#N/A,8969,Online,6380,152.58,97.44
784397923,6/3/2013,6/15/2013,C,DNK,8969,Offline,9631,152.58,97.44
785364806,2/12/2015,3/21/2015,M,BLR,7940,Offline,5754,668.27,502.54
786318385,7/11/2017,8/23/2017,M,NLD,1270,Offline,7939,47.45,31.79
789484250,7/5/2011,7/30/2011,M,CZE,8969,Online,4789,152.58,97.44
789760196,12/6/2016,1/2/2017,C,ARM,3127,Online,6447,81.73,56.67
790149009,5/23/2011,5/29/2011,C,EST,8293,Online,1505,437.2,263.33
791692674,10/17/2013,11/24/2013,L,BEL,4594,Online,8310,9.33,6.92
791890084,11/22/2014,12/15/2014,H,BEL,2103,Offline,6728,205.7,117.11
792178905,6/3/2017,7/21/2017,L,MCO,2103,Online,2197,205.7,117.11
792792594,11/25/2015,1/2/2016,M,#N/A,7940,Offline,3801,668.27,502.54
795141351,2/20/2010,2/24/2010,H,GRC,1270,Offline,8850,47.45,31.79
796418511,2/12/2017,3/23/2017,L,MKD,8875,Online,6791,421.89,364.69
797202146,10/10/2013,11/17/2013,M,RUS,1270,Online,8685,47.45,31.79
797316300,11/29/2016,11/29/2016,H,SRB,1270,Offline,2466,47.45,31.79
797461354,1/30/2010,2/5/2010,H,CHE,1270,Online,5391,47.45,31.79
797718417,8/28/2010,10/15/2010,L,FRA,2103,Offline,1462,205.7,117.11
797788369,11/27/2016,11/28/2016,L,#N/A,8681,Online,2162,651.21,524.96
799109733,3/14/2013,4/29/2013,C,MKD,2455,Online,3183,109.28,35.84
799848306,3/11/2016,4/23/2016,C,GRC,7940,Offline,1743,668.27,502.54
800045716,4/16/2017,5/14/2017,M,GRC,3127,Online,161,81.73,56.67
800352561,9/28/2012,10/21/2012,H,FIN,5988,Online,963,154.06,90.93
801352488,5/6/2015,5/23/2015,M,GBR,8293,Offline,6864,437.2,263.33
801925837,10/17/2013,10/26/2013,C,LIE,5988,Offline,6531,154.06,90.93
805095136,1/13/2010,1/20/2010,L,#N/A,5988,Online,4396,154.06,90.93
805974042,7/22/2012,7/28/2012,M,DNK,8293,Offline,4484,437.2,263.33
806197631,1/18/2010,2/18/2010,M,CYP,7331,Online,649,255.28,159.42
806662404,12/4/2010,12/7/2010,H,ESP,2103,Offline,8186,205.7,117.11
810752236,3/28/2016,5/4/2016,L,#N/A,5988,Online,8458,154.06,90.93
811977040,4/15/2015,5/28/2015,M,CHE,8293,Online,905,437.2,263.33
812632358,9/29/2012,10/17/2012,C,ROU,2103,Offline,4828,205.7,117.11
812637078,12/15/2013,1/5/2014,M,SVN,4594,Offline,6225,9.33,6.92
813973891,11/1/2012,11/13/2012,C,#N/A,8293,Offline,1818,437.2,263.33
815755307,5/13/2016,6/9/2016,L,#N/A,8875,Offline,8978,421.89,364.69
815917098,1/28/2011,2/13/2011,M,IRL,8293,Online,6856,437.2,263.33
817006289,10/22/2011,11/14/2011,H,ESP,4594,Online,9172,9.33,6.92
817061221,1/26/2010,2/21/2010,C,BGR,5988,Offline,5427,154.06,90.93
818976962,12/18/2012,12/21/2012,C,#N/A,5988,Offline,2337,154.06,90.93
819037473,10/15/2016,10/15/2016,L,CHE,5988,Online,244,154.06,90.93
819152915,4/23/2011,4/24/2011,H,MNE,8681,Offline,4406,651.21,524.96
819516837,11/26/2015,12/25/2015,C,MLT,8293,Offline,2098,437.2,263.33
820195758,11/5/2011,11/24/2011,L,#N/A,8969,Offline,3006,152.58,97.44
820437371,5/28/2017,6/11/2017,H,DEU,8875,Online,4505,421.89,364.69
821131742,12/9/2015,12/9/2015,H,SMR,7940,Offline,9985,668.27,502.54
821916663,7/20/2011,8/26/2011,L,NOR,8293,Online,2260,437.2,263.33
823236739,6/17/2016,8/1/2016,M,MKD,8681,Online,2900,651.21,524.96
823505389,3/11/2015,3/30/2015,H,UKR,2455,Online,2400,109.28,35.84
825065791,7/24/2011,8/28/2011,C,LVA,8875,Offline,4157,421.89,364.69
826677262,11/28/2016,1/9/2017,M,EST,1270,Online,1027,47.45,31.79
826936471,3/20/2013,3/30/2013,H,ISL,7331,Online,7733,255.28,159.42
826968657,5/6/2017,6/15/2017,H,BGR,8293,Offline,7258,437.2,263.33
828993833,8/5/2014,9/2/2014,M,ISL,7331,Offline,6552,255.28,159.42
829356467,8/29/2012,9/16/2012,L,MNE,7940,Online,3864,668.27,502.54
830172288,6/13/2013,7/29/2013,H,#N/A,8293,Online,5283,437.2,263.33
831143891,5/9/2016,6/1/2016,M,MLT,4594,Online,2802,9.33,6.92
832057130,3/2/2011,4/2/2011,C,ESP,8293,Online,3050,437.2,263.33
833473765,4/28/2013,5/25/2013,H,ALB,1270,Offline,2264,47.45,31.79
833706796,3/27/2013,4/3/2013,M,CYP,2103,Online,1223,205.7,117.11
834065997,8/14/2016,9/14/2016,L,AND,7940,Offline,7518,668.27,502.54
835093390,7/27/2014,7/29/2014,H,DEU,3127,Offline,1547,81.73,56.67
835265910,8/27/2010,10/1/2010,M,AUT,7940,Offline,2599,668.27,502.54
835341870,1/26/2017,2/24/2017,M,LUX,8293,Online,5077,437.2,263.33
837608659,4/21/2012,5/2/2012,H,BGR,7940,Online,5871,668.27,502.54
837906920,4/4/2017,5/16/2017,L,CHE,1270,Online,4133,47.45,31.79
838788402,2/10/2010,2/26/2010,M,ARM,7331,Offline,4983,255.28,159.42
838895261,2/17/2014,2/19/2014,L,#N/A,3127,Offline,6605,81.73,56.67
839437711,12/23/2014,12/24/2014,L,BLR,2455,Offline,7128,109.28,35.84
840747058,12/10/2010,12/26/2010,C,ARM,3127,Online,4593,81.73,56.67
840781390,10/20/2010,11/13/2010,H,LUX,7940,Online,4752,668.27,502.54
842687690,4/10/2011,5/26/2011,H,MNE,5988,Offline,8869,154.06,90.93
842725884,7/27/2015,8/11/2015,H,CYP,8969,Offline,171,152.58,97.44
844105184,3/17/2010,4/20/2010,H,SVN,1270,Offline,8337,47.45,31.79
844307315,7/8/2012,7/29/2012,H,GBR,7331,Online,8152,255.28,159.42
844575107,6/21/2014,6/26/2014,H,FIN,8875,Online,7397,421.89,364.69
845067346,9/9/2010,9/13/2010,H,MLT,7940,Online,3062,668.27,502.54
845738112,9/26/2010,10/23/2010,L,#N/A,8293,Online,1557,437.2,263.33
846413600,12/30/2011,12/31/2011,L,IRL,8969,Online,1448,152.58,97.44
847317397,12/15/2011,12/18/2011,M,LVA,8875,Offline,8902,421.89,364.69
848737466,5/15/2016,5/31/2016,L,ARM,5988,Online,9132,154.06,90.93
849431836,11/25/2014,11/28/2014,L,LVA,8875,Online,4611,421.89,364.69
849454581,8/10/2016,9/6/2016,M,ALB,8681,Online,1342,651.21,524.96
850279843,3/31/2012,4/10/2012,C,CYP,4594,Offline,5556,9.33,6.92
850562655,8/11/2014,9/25/2014,M,CHE,7331,Offline,9246,255.28,159.42
850872075,7/18/2015,8/1/2015,H,CZE,7331,Offline,810,255.28,159.42
852392995,3/28/2016,4/19/2016,M,LTU,8293,Online,884,437.2,263.33
853036296,5/14/2013,6/1/2013,L,ROU,3127,Offline,1251,81.73,56.67
856648051,12/13/2010,12/23/2010,M,LIE,2103,Online,50,205.7,117.11
857457864,7/29/2011,9/16/2011,C,NLD,8681,Online,9691,651.21,524.96
859914767,5/11/2016,6/18/2016,M,SMR,8681,Offline,6744,651.21,524.96
860104024,12/27/2013,12/30/2013,M,DNK,8293,Offline,2749,437.2,263.33
861180341,1/13/2010,2/20/2010,L,AND,1270,Offline,1255,47.45,31.79
861252868,3/12/2014,3/28/2014,L,AUT,8681,Online,2717,651.21,524.96
861976850,5/17/2011,5/25/2011,H,SWE,3127,Offline,6960,81.73,56.67
861982858,7/17/2011,9/4/2011,M,NOR,8969,Offline,8738,152.58,97.44
862326610,5/2/2012,5/28/2012,M,LVA,1270,Online,461,47.45,31.79
862485826,9/16/2016,10/27/2016,C,UKR,8681,Offline,7577,651.21,524.96
863138997,11/12/2010,12/21/2010,C,ALB,8875,Online,865,421.89,364.69
863202941,12/12/2016,12/13/2016,L,SWE,8875,Offline,9787,421.89,364.69
863890445,12/18/2010,12/25/2010,C,LVA,7940,Offline,3235,668.27,502.54
864071118,7/10/2010,7/18/2010,L,ROU,1270,Online,6700,47.45,31.79
865824210,5/9/2014,5/14/2014,M,CZE,8681,Online,5479,651.21,524.96
866396272,11/6/2013,11/16/2013,H,AUT,8875,Online,4765,421.89,364.69
867138278,7/12/2011,8/4/2011,C,FRA,8681,Offline,4341,651.21,524.96
869291770,7/19/2015,8/21/2015,L,CHE,7940,Offline,1607,668.27,502.54
870173251,12/23/2015,12/30/2015,M,AUT,2455,Online,2457,109.28,35.84
870218312,3/19/2017,3/27/2017,H,LVA,4594,Offline,5792,9.33,6.92
871147000,8/12/2014,8/25/2014,C,SMR,7940,Online,611,668.27,502.54
871923768,4/30/2014,5/30/2014,C,BIH,7331,Online,474,255.28,159.42
873432672,9/10/2014,9/17/2014,C,SVN,7940,Online,6992,668.27,502.54
874172532,8/21/2016,10/2/2016,M,DEU,7940,Offline,5933,668.27,502.54
874349772,12/8/2013,1/4/2014,M,CYP,1270,Online,8383,47.45,31.79
875220096,10/25/2010,11/6/2010,L,SMR,4594,Online,5930,9.33,6.92
876856458,8/8/2013,8/29/2013,H,SVK,8875,Offline,166,421.89,364.69
877062451,10/9/2012,10/29/2012,C,ALB,1270,Online,1124,47.45,31.79
877084767,4/21/2012,6/9/2012,C,CHE,8875,Online,7728,421.89,364.69
877687728,12/23/2016,2/7/2017,C,SVK,3127,Offline,6158,81.73,56.67
878614270,1/27/2011,2/17/2011,M,ISL,8293,Online,342,437.2,263.33
879405200,6/3/2014,7/20/2014,L,BLR,1270,Online,4396,47.45,31.79
879845082,4/14/2010,5/1/2010,M,LTU,4594,Offline,4567,9.33,6.92
879923617,8/10/2014,9/15/2014,M,HUN,7331,Online,7807,255.28,159.42
880176818,10/1/2010,10/15/2010,M,POL,2455,Online,2735,109.28,35.84
881194770,11/5/2013,12/5/2013,C,SMR,8681,Offline,3969,651.21,524.96
881717050,11/22/2010,12/23/2010,M,BEL,8969,Online,8524,152.58,97.44
883504474,8/3/2014,9/8/2014,H,ARM,8681,Offline,7462,651.21,524.96
884147775,9/18/2011,10/19/2011,H,FIN,1270,Online,7829,47.45,31.79
884192836,12/14/2012,1/15/2013,C,NOR,8681,Offline,1164,651.21,524.96
884462773,8/21/2010,10/5/2010,M,ROU,8969,Offline,1044,152.58,97.44
885046851,6/19/2010,7/19/2010,M,CZE,8681,Offline,3886,651.21,524.96
885397469,10/10/2015,11/18/2015,M,SVN,8875,Online,7642,421.89,364.69
885998284,2/21/2017,2/28/2017,C,ARM,2455,Offline,5436,109.28,35.84
886620128,7/8/2011,7/25/2011,C,ITA,8681,Offline,9453,651.21,524.96
886763894,4/21/2013,5/27/2013,M,SVN,5988,Offline,1997,154.06,90.93
887501180,5/5/2017,6/20/2017,C,GBR,8293,Online,176,437.2,263.33
889093768,4/10/2010,5/20/2010,M,FIN,2103,Offline,1458,205.7,117.11
889125955,5/27/2014,6/15/2014,H,AND,4594,Offline,983,9.33,6.92
891681563,3/1/2012,3/27/2012,M,BIH,7940,Offline,7245,668.27,502.54
891808593,5/30/2012,6/11/2012,H,SVK,7331,Offline,4835,255.28,159.42
892042911,4/13/2011,5/12/2011,H,POL,8293,Offline,4175,437.2,263.33
894589078,3/11/2014,4/10/2014,M,MLT,5988,Online,7643,154.06,90.93
897317206,8/13/2015,9/1/2015,H,ITA,1270,Online,4957,47.45,31.79
897638213,9/14/2014,10/8/2014,M,PRT,2103,Offline,9950,205.7,117.11
897785842,5/8/2013,5/12/2013,L,CYP,8681,Offline,3636,651.21,524.96
898211562,2/25/2013,3/12/2013,L,EST,4594,Offline,9616,9.33,6.92
899868094,3/2/2012,3/26/2012,C,#N/A,4594,Online,9821,9.33,6.92
900808799,6/20/2017,6/28/2017,C,GRC,8293,Online,8196,437.2,263.33
901670968,11/16/2010,12/11/2010,C,IRL,5988,Offline,3331,154.06,90.93
901789844,3/24/2015,5/5/2015,H,MLT,8875,Online,8509,421.89,364.69
904589211,4/13/2014,5/4/2014,H,SMR,8681,Online,6905,651.21,524.96
904812800,10/9/2011,11/24/2011,M,ROU,4594,Offline,3069,9.33,6.92
905036389,11/1/2016,11/20/2016,L,POL,2103,Online,9234,205.7,117.11
905509746,10/13/2015,10/20/2015,L,MKD,7940,Offline,9311,668.27,502.54
905947482,11/30/2015,1/18/2016,C,DNK,2103,Online,8847,205.7,117.11
906345736,10/18/2012,11/21/2012,C,NLD,1270,Offline,6699,47.45,31.79
906508815,1/13/2014,1/23/2014,H,HRV,2455,Online,4958,109.28,35.84
906794202,4/22/2014,5/11/2014,L,FIN,2455,Online,9410,109.28,35.84
907047402,6/13/2010,8/1/2010,M,#N/A,8875,Online,4338,421.89,364.69
907349526,4/5/2012,5/16/2012,C,ISL,8293,Online,3743,437.2,263.33
907691991,2/6/2014,3/9/2014,M,LTU,2103,Offline,5086,205.7,117.11
910610234,7/3/2017,7/31/2017,L,SWE,8293,Online,8659,437.2,263.33
910886180,5/10/2015,6/10/2015,M,ROU,1270,Online,317,47.45,31.79
911891257,10/8/2013,11/1/2013,C,BGR,4594,Offline,7742,9.33,6.92
913074433,11/2/2013,12/17/2013,H,LVA,3127,Offline,7870,81.73,56.67
913729751,4/18/2011,5/9/2011,M,GEO,8875,Online,1793,421.89,364.69
916089236,6/27/2014,7/28/2014,C,BEL,8293,Offline,17,437.2,263.33
917485272,9/1/2010,10/3/2010,L,LVA,7331,Online,3136,255.28,159.42
917639768,10/31/2013,12/14/2013,L,SRB,5988,Online,8854,154.06,90.93
917792117,9/10/2013,10/7/2013,M,ISL,2455,Online,3938,109.28,35.84
917835032,8/17/2011,10/6/2011,C,AUT,5988,Offline,6637,154.06,90.93
917874085,9/12/2012,9/23/2012,M,NOR,8875,Offline,8194,421.89,364.69
917904984,4/21/2010,4/24/2010,L,ROU,3127,Online,7338,81.73,56.67
918364179,3/10/2013,4/11/2013,H,FIN,8969,Offline,3223,152.58,97.44
919133651,10/14/2013,11/4/2013,M,BIH,2455,Online,927,109.28,35.84
919922006,8/27/2011,9/18/2011,L,#N/A,4594,Online,4219,9.33,6.92
920011270,5/9/2017,6/12/2017,M,CZE,8875,Offline,634,421.89,364.69
920688903,5/5/2014,6/12/2014,L,UKR,7331,Offline,1161,255.28,159.42
921133935,8/5/2013,8/11/2013,L,BEL,8969,Online,2856,152.58,97.44
921230065,3/27/2016,5/16/2016,M,PRT,7331,Offline,1303,255.28,159.42
921693980,10/4/2012,11/4/2012,M,GRC,5988,Online,8586,154.06,90.93
922363460,11/7/2013,11/23/2013,H,LUX,2455,Online,6700,109.28,35.84
922564303,3/17/2017,4/2/2017,L,#N/A,7940,Offline,6134,668.27,502.54
923160398,5/14/2017,6/15/2017,L,AND,2455,Offline,2531,109.28,35.84
923922574,4/9/2011,5/23/2011,M,IRL,5988,Offline,8076,154.06,90.93
926064479,2/18/2017,3/10/2017,L,AUT,8681,Online,1913,651.21,524.96
926280772,7/5/2015,7/21/2015,H,LTU,1270,Offline,5919,47.45,31.79
926763570,11/16/2016,11/25/2016,H,MCO,2455,Offline,8790,109.28,35.84
926826655,1/15/2011,2/16/2011,H,ITA,7331,Online,7458,255.28,159.42
927351081,5/23/2011,6/2/2011,H,LIE,5988,Offline,2647,154.06,90.93
928168189,2/17/2011,3/15/2011,H,BGR,2103,Offline,4448,205.7,117.11
929812705,5/22/2017,5/25/2017,H,ROU,8875,Online,1097,421.89,364.69
930136287,5/20/2014,6/21/2014,L,HUN,1270,Online,6852,47.45,31.79
930296790,2/20/2010,3/26/2010,C,LTU,8875,Offline,4348,421.89,364.69
930457293,6/20/2013,7/26/2013,H,MNE,2103,Offline,1845,205.7,117.11
930670154,2/26/2017,3/15/2017,L,NOR,8875,Online,4835,421.89,364.69
931477820,6/23/2014,7/19/2014,L,BEL,1270,Online,3841,47.45,31.79
931559789,6/25/2013,7/5/2013,C,HUN,2455,Offline,8098,109.28,35.84
932475602,10/9/2013,11/21/2013,L,AND,1270,Offline,9107,47.45,31.79
933642041,4/19/2012,5/19/2012,H,MNE,3127,Online,4282,81.73,56.67
933699119,11/13/2013,11/24/2013,C,NLD,3127,Offline,1173,81.73,56.67
933720576,8/14/2016,10/1/2016,H,LIE,5988,Offline,7523,154.06,90.93
933963048,5/21/2011,6/24/2011,M,CHE,2455,Offline,9275,109.28,35.84
934718358,12/2/2015,12/16/2015,H,IRL,5988,Online,2789,154.06,90.93
935789954,10/3/2010,11/18/2010,L,BLR,1270,Online,9898,47.45,31.79
935907542,2/25/2016,3/21/2016,M,MKD,1270,Offline,4695,47.45,31.79
936411798,9/13/2012,9/17/2012,L,LVA,3127,Offline,3915,81.73,56.67
936547410,1/8/2011,1/12/2011,L,GRC,5988,Offline,4046,154.06,90.93
936664998,6/1/2016,7/5/2016,M,SVK,5988,Offline,8843,154.06,90.93
937875640,10/30/2011,11/30/2011,C,SMR,2455,Online,7098,109.28,35.84
938209950,3/14/2010,3/16/2010,C,DEU,3127,Offline,6028,81.73,56.67
940682303,1/1/2010,2/9/2010,L,LIE,2103,Online,7652,205.7,117.11
941061675,3/8/2017,3/20/2017,M,#N/A,5988,Offline,9917,154.06,90.93
941524302,10/3/2014,10/9/2014,C,IRL,3127,Online,6819,81.73,56.67
941933286,1/5/2013,2/8/2013,M,RUS,8969,Online,7846,152.58,97.44
942372310,2/6/2012,2/19/2012,M,BIH,5988,Offline,7763,154.06,90.93
942454278,2/9/2011,3/29/2011,M,ISL,8293,Online,2019,437.2,263.33
943274819,2/8/2013,3/8/2013,M,LVA,8969,Online,4836,152.58,97.44
944247710,12/19/2014,1/31/2015,H,BGR,7331,Online,2736,255.28,159.42
944609057,1/30/2014,3/16/2014,L,PRT,8875,Online,9666,421.89,364.69
946421372,3/19/2015,3/21/2015,M,UKR,1270,Offline,5971,47.45,31.79
946823489,7/12/2016,8/30/2016,H,IRL,2103,Online,4966,205.7,117.11
947073256,5/31/2010,6/12/2010,C,GEO,8969,Online,8878,152.58,97.44
947507131,9/7/2013,10/20/2013,L,UKR,1270,Offline,7271,47.45,31.79
948075759,12/3/2010,1/4/2011,M,HUN,1270,Offline,5540,47.45,31.79
948518216,4/7/2012,5/4/2012,H,BGR,8875,Offline,6473,421.89,364.69
949388539,9/18/2016,9/30/2016,M,RUS,8969,Online,4021,152.58,97.44
949732291,7/5/2017,8/14/2017,L,MKD,1270,Offline,5745,47.45,31.79
949912965,1/24/2017,3/6/2017,M,SVN,8293,Online,9210,437.2,263.33
951698243,6/16/2017,7/3/2017,L,ARM,8969,Online,7514,152.58,97.44
954040992,7/14/2011,8/27/2011,L,BIH,8969,Offline,785,152.58,97.44
954065883,7/17/2016,9/1/2016,L,HUN,7940,Offline,8151,668.27,502.54
954341828,5/23/2014,7/11/2014,H,DNK,5988,Offline,9809,154.06,90.93
955466639,12/8/2013,1/27/2014,C,ESP,3127,Online,2666,81.73,56.67
956594026,5/22/2011,6/17/2011,L,ESP,7331,Offline,6285,255.28,159.42
956969964,4/24/2016,5/27/2016,L,IRL,5988,Online,7533,154.06,90.93
957926118,8/18/2016,9/1/2016,L,GRC,8969,Online,480,152.58,97.44
958366000,6/29/2012,8/3/2012,M,RUS,2103,Offline,651,205.7,117.11
960213077,8/31/2015,10/16/2015,H,BEL,1270,Online,7242,47.45,31.79
962560546,12/14/2010,1/8/2011,M,GEO,2103,Offline,1911,205.7,117.11
963219296,9/1/2010,9/18/2010,C,MKD,2103,Online,6850,205.7,117.11
965796363,3/9/2011,3/19/2011,M,LTU,4594,Online,9461,9.33,6.92
966800153,8/25/2010,9/10/2010,M,EST,8875,Offline,6505,421.89,364.69
967258059,7/31/2014,8/8/2014,M,AUT,3127,Online,2009,81.73,56.67
967679059,3/3/2013,3/19/2013,C,AND,5988,Online,6592,154.06,90.93
968185460,1/9/2013,2/3/2013,M,POL,8969,Online,6448,152.58,97.44
969195258,8/26/2012,9/17/2012,L,DNK,5988,Online,5269,154.06,90.93
969199979,11/12/2013,12/7/2013,H,GRC,8875,Online,6666,421.89,364.69
969289243,12/28/2011,2/2/2012,C,BIH,7940,Online,3082,668.27,502.54
970427358,10/26/2010,10/31/2010,H,ARM,8875,Offline,9875,421.89,364.69
971578347,4/30/2014,6/16/2014,L,MCO,7940,Online,478,668.27,502.54
971899354,6/1/2013,6/1/2013,C,SWE,8969,Online,5471,152.58,97.44
972419059,7/22/2012,8/17/2012,H,SVN,2103,Online,9264,205.7,117.11
972452533,8/22/2015,10/4/2015,L,FIN,5988,Online,9169,154.06,90.93
972981679,3/15/2017,4/9/2017,C,LVA,8969,Online,5755,152.58,97.44
973268353,6/5/2016,6/26/2016,H,DNK,1270,Online,589,47.45,31.79
974147260,5/18/2011,6/8/2011,L,AND,2455,Offline,677,109.28,35.84
974420630,4/26/2011,6/15/2011,H,LIE,4594,Offline,1573,9.33,6.92
975080668,7/23/2017,8/20/2017,C,#N/A,5988,Offline,6893,154.06,90.93
975823962,3/11/2014,4/8/2014,L,GRC,8681,Online,6850,651.21,524.96
976323497,2/6/2017,2/10/2017,M,HRV,1270,Online,4674,47.45,31.79
977324712,2/1/2011,3/10/2011,H,LUX,8969,Online,955,152.58,97.44
979073941,6/26/2010,7/18/2010,C,CHE,7331,Online,8591,255.28,159.42
979200112,12/14/2013,12/30/2013,C,MKD,8875,Online,5928,421.89,364.69
980381143,9/18/2010,9/26/2010,C,BGR,7331,Offline,5421,255.28,159.42
980598723,8/13/2015,9/24/2015,C,FRA,3127,Offline,9808,81.73,56.67
980961358,9/6/2013,10/8/2013,C,LUX,8293,Online,7120,437.2,263.33
981154048,7/27/2013,8/9/2013,C,ITA,1270,Offline,4141,47.45,31.79
981808078,1/27/2012,1/28/2012,L,MLT,8969,Online,7683,152.58,97.44
982566821,4/17/2011,6/5/2011,M,LTU,8681,Online,2212,651.21,524.96
985039174,2/4/2011,3/10/2011,H,NLD,1270,Online,3836,47.45,31.79
985417258,10/1/2011,10/21/2011,M,GBR,2103,Online,5720,205.7,117.11
986449801,1/31/2013,3/13/2013,H,ALB,8875,Offline,1272,421.89,364.69
987050187,4/12/2012,4/25/2012,C,MKD,5988,Online,8940,154.06,90.93
987410676,8/13/2014,9/6/2014,C,AUT,2103,Offline,5616,205.7,117.11
987459170,7/16/2010,8/27/2010,M,UKR,3127,Online,9967,81.73,56.67
987767302,7/8/2012,8/1/2012,C,LTU,8681,Online,1150,651.21,524.96
988599860,11/6/2014,12/11/2014,H,CZE,7940,Offline,7522,668.27,502.54
988614022,11/28/2010,1/11/2011,L,MKD,2103,Offline,1713,205.7,117.11
989102828,6/11/2012,7/8/2012,L,#N/A,4594,Online,6362,9.33,6.92
989403665,4/22/2015,5/25/2015,M,MKD,2455,Online,5386,109.28,35.84
990455090,11/30/2013,12/14/2013,M,BLR,7940,Online,6526,668.27,502.54
990774810,1/17/2014,2/18/2014,C,NLD,7940,Offline,1138,668.27,502.54
991761863,12/20/2011,12/24/2011,M,NOR,4594,Offline,3229,9.33,6.92
992992675,3/8/2011,3/9/2011,M,SRB,5988,Offline,7454,154.06,90.93
993368613,2/8/2016,2/16/2016,H,DEU,3127,Offline,8702,81.73,56.67
994406735,6/7/2015,6/30/2015,M,MLT,1270,Online,5906,47.45,31.79
994504153,1/10/2017,1/13/2017,M,SWE,4594,Online,4734,9.33,6.92
994978797,12/5/2014,1/2/2015,H,ITA,1270,Offline,5192,47.45,31.79
996754205,9/20/2010,9/22/2010,L,RUS,7331,Offline,574,255.28,159.42
998043382,6/15/2010,7/3/2010,H,MLT,8293,Online,2070,437.2,263.33
999879729,3/31/2012,5/6/2012,M,ALB,7940,Offline,5486,668.27,502.54